employee_id,name,department,role,job_level,hire_date,tenure_years,salary,performance_rating,manager_id,attrition_flag,exit_date
EMP1000,Tanya Armstrong,HR,Consultant,L4,2025-02-05,1.48,704807,Low,EMP1296,0,
EMP1001,Sara Melendez,Finance,Consultant,L4,2022-02-10,4.47,753862,Average,EMP1509,0,
EMP1002,Kristen Powell,Sales,Analyst,L5,2023-11-21,2.69,722281,High,EMP1714,0,
EMP1003,Alexander Weaver,Finance,Senior Analyst,L2,2024-01-04,2.57,640802,Average,EMP1983,0,
EMP1004,Brian Walker,Finance,Consultant,L2,2022-10-01,3.83,914556,High,EMP1965,0,
EMP1005,Angela Bridges,Consulting,Manager,L1,2024-11-20,1.69,650714,Average,EMP1572,0,
EMP1006,Leon Griffin,Sales,Manager,L2,2020-12-25,5.6,981137,Average,EMP1537,0,
EMP1007,Steven Preston,Sales,Senior Manager,L2,2021-03-29,5.34,884928,Low,EMP1582,0,
EMP1008,Matthew Bullock,Sales,Manager,L5,2025-02-21,1.44,828315,Average,EMP1614,0,
EMP1009,Luis Osborn,Finance,Senior Manager,L4,2026-06-01,0.16,627730,Average,EMP1978,0,
EMP1010,Christopher Baxter,HR,Analyst,L4,2019-01-13,7.55,726968,Low,EMP1325,0,
EMP1011,Rebecca Johnson,Sales,Analyst,L5,2023-12-06,2.65,1126617,Average,EMP1362,0,
EMP1012,Justin Shelton,Operations,Analyst,L2,2023-04-15,3.3,1050275,Average,EMP1668,1,2023-06-26
EMP1013,John Wagner,Finance,Senior Analyst,L5,2024-03-05,2.41,606733,Average,EMP1874,0,
EMP1014,Jeremiah Church,Consulting,Senior Analyst,L1,2025-08-31,0.92,929799,High,EMP1358,0,
EMP1015,Christopher Williams,HR,Senior Manager,L4,2025-01-26,1.51,1125416,High,EMP1705,0,
EMP1016,Sarah Evans,Operations,Manager,L3,2024-05-05,2.24,399178,Average,EMP1786,1,2025-02-20
EMP1017,Frank Flores,Operations,Manager,L1,2018-10-06,7.82,1063008,Average,EMP1323,0,
EMP1018,Thomas Washington,Consulting,Analyst,L1,2023-04-13,3.3,701212,Average,EMP1697,0,
EMP1019,Brian Warner,HR,Consultant,L5,2024-06-29,2.09,1071179,High,EMP1325,0,
EMP1020,Eric Schultz,Finance,Senior Analyst,L2,2020-12-23,5.61,671022,Low,EMP1624,0,
EMP1021,Michael Butler,Engineering,Senior Analyst,L4,2024-10-20,1.78,358535,Average,EMP1824,0,
EMP1022,Gregory Austin,HR,Analyst,L3,2025-02-13,1.46,411737,High,EMP1164,0,
EMP1023,Alexander Scott,Consulting,Senior Analyst,L1,2019-05-26,7.19,914425,Average,EMP1572,0,
EMP1024,Joshua Cabrera,Operations,Analyst,L3,2025-05-06,1.24,977916,Average,EMP1603,0,
EMP1025,Jason Maldonado,Finance,Senior Manager,L2,2025-09-23,0.85,628705,Average,EMP1797,0,
EMP1026,Ashley Roach,HR,Manager,L2,2025-02-26,1.42,1091577,Average,EMP1454,0,
EMP1027,Joseph Evans,Engineering,Consultant,L3,2018-10-22,7.78,401543,Average,EMP1968,0,
EMP1028,Lindsay Mcdaniel,Engineering,Manager,L4,2023-06-09,3.15,880176,Average,EMP1152,0,
EMP1029,Jonathon Bush,Sales,Manager,L2,2023-02-12,3.47,536695,Low,EMP1736,0,
EMP1030,Anna Meyers,Sales,Senior Manager,L3,2023-08-15,2.96,704449,Low,EMP1126,1,2025-07-11
EMP1031,Sarah Vang,Consulting,Senior Analyst,L1,2026-02-10,0.47,914219,High,EMP1192,0,
EMP1032,Lindsay Hughes,HR,Consultant,L3,2021-11-27,4.68,641875,Average,EMP1626,0,
EMP1033,Yvonne Gonzalez,HR,Senior Analyst,L3,2022-05-24,4.19,784633,Average,EMP1773,0,
EMP1034,Lindsay Johnson,Operations,Manager,L5,2020-03-24,6.36,1201887,Average,EMP1529,0,
EMP1035,Ryan Sanders,Operations,Analyst,L2,2019-08-24,6.94,726932,High,EMP1009,0,
EMP1036,Jason Conner,Operations,Manager,L4,2025-09-30,0.83,1150707,Average,EMP1091,0,
EMP1037,Benjamin Howard,Sales,Senior Analyst,L4,2022-10-30,3.75,561087,Average,EMP1138,0,
EMP1038,Valerie Bryan,HR,Manager,L5,2024-10-14,1.79,1058941,High,EMP1480,0,
EMP1039,Erin Adams,HR,Analyst,L4,2021-08-21,4.95,1332470,High,EMP1448,0,
EMP1040,Margaret Robinson,Engineering,Senior Manager,L3,2019-07-04,7.08,300000,Average,EMP1332,0,
EMP1041,Dawn Cook,Sales,Senior Analyst,L5,2022-11-05,3.74,660931,High,EMP1868,0,
EMP1042,Glenn Dyer,Finance,Manager,L1,2021-04-29,5.26,1073121,Average,EMP1339,0,
EMP1043,Casey Warren,Sales,Senior Analyst,L2,2019-10-06,6.82,839086,Average,EMP1960,0,
EMP1044,David Rowe,Finance,Senior Manager,L2,2024-06-15,2.13,1011343,Low,EMP1051,1,2024-12-10
EMP1045,Sarah Sheppard,Engineering,Manager,L2,2020-08-20,5.95,718804,Low,EMP1706,1,2023-07-14
EMP1046,Rachel Holloway,Consulting,Manager,L3,2023-04-05,3.32,925976,Average,EMP1465,0,
EMP1047,Yvonne Kim,HR,Senior Analyst,L1,2023-08-27,2.93,853296,Average,EMP1717,0,
EMP1048,Diana Peters,Engineering,Senior Analyst,L5,2021-08-03,4.99,1250334,Average,EMP1798,0,
EMP1049,Jason Spencer,HR,Analyst,L5,2025-07-27,1.01,976326,Average,EMP1474,0,
EMP1050,Brooke Shepard,Operations,Senior Manager,L2,2023-04-12,3.3,1001280,High,EMP1400,0,
EMP1051,Martin Williams,Consulting,Analyst,L1,2025-05-22,1.19,776436,Average,EMP1438,0,
EMP1052,Christopher Johnson,Consulting,Manager,L1,2020-08-30,5.92,753718,Average,EMP1877,0,
EMP1053,Amanda Chavez,Engineering,Senior Analyst,L1,2025-09-26,0.84,770232,Low,EMP1604,0,
EMP1054,Richard Mosley,Consulting,Manager,L4,2023-07-14,3.05,1018335,High,EMP1931,0,
EMP1055,Dr. Maria Mathis,Finance,Manager,L4,2019-09-18,6.87,773704,Average,EMP1996,0,
EMP1056,Kristen Moore,Consulting,Consultant,L2,2025-05-19,1.2,986932,High,EMP1921,0,
EMP1057,Angel Arellano,HR,Consultant,L1,2022-11-11,3.72,1522620,Low,EMP1820,0,
EMP1058,Jessica Hampton,HR,Manager,L1,2025-01-06,1.56,1161337,Low,EMP1656,0,
EMP1059,Kristen Williams,HR,Senior Analyst,L5,2023-03-17,3.38,802192,Average,EMP1597,0,
EMP1060,Donna Mcintyre,HR,Manager,L5,2023-02-14,3.46,1260364,Average,EMP1508,0,
EMP1061,Jacob Fields,Finance,Consultant,L2,2019-10-05,6.82,777577,Average,EMP1152,0,
EMP1062,Jennifer Underwood,Sales,Senior Analyst,L1,2026-04-22,0.27,300000,High,EMP1513,0,
EMP1063,Roy White,Operations,Manager,L2,2019-07-04,7.08,597574,Average,EMP1502,0,
EMP1064,Mark Osborne,Engineering,Senior Manager,L5,2019-12-27,6.6,338762,Average,EMP1853,0,
EMP1065,David Lewis,HR,Senior Manager,L5,2020-05-11,6.22,794545,High,EMP1900,0,
EMP1066,Jonathan Ingram,Consulting,Manager,L4,2022-01-12,4.55,905525,Average,EMP1771,0,
EMP1067,Sarah Zamora,HR,Senior Analyst,L2,2022-09-22,3.86,1402931,High,EMP1675,0,
EMP1068,Sandra Moore,Consulting,Manager,L2,2026-05-22,0.19,998078,Low,EMP1005,0,
EMP1069,Jesse Rogers,Operations,Manager,L1,2020-06-12,6.14,834269,Average,EMP1499,0,
EMP1070,Jerry Zamora,Operations,Consultant,L1,2022-01-21,4.53,1148821,Low,EMP1660,0,
EMP1071,Jessica Lopez,Operations,Senior Manager,L4,2026-05-20,0.2,300000,Low,EMP1716,0,
EMP1072,Joshua Anderson,Consulting,Consultant,L3,2022-01-04,4.57,970684,High,EMP1117,0,
EMP1073,Holly Mccullough,HR,Consultant,L3,2026-05-14,0.21,1131259,Low,EMP1484,0,
EMP1074,Casey Owens,Operations,Manager,L3,2021-08-13,4.97,456424,Average,EMP1600,0,
EMP1075,Alyssa Taylor,Finance,Consultant,L2,2022-05-04,4.24,1243126,Average,EMP1665,0,
EMP1076,Christopher Hill,Consulting,Senior Manager,L2,2021-06-10,5.14,1001548,Average,EMP1950,0,
EMP1077,Paul Brooks,Consulting,Consultant,L5,2025-02-11,1.47,775413,High,EMP1678,0,
EMP1078,Noah Watson,HR,Senior Manager,L2,2020-03-15,6.38,1089834,Low,EMP1467,0,
EMP1079,Ross Wright,Consulting,Consultant,L2,2022-12-01,3.67,1581207,Average,EMP1160,0,
EMP1080,Nicholas Jimenez DVM,Consulting,Senior Manager,L2,2023-04-29,3.26,954559,High,EMP1269,0,
EMP1081,Mary Barnes,Operations,Consultant,L4,2019-09-02,6.92,974466,Average,EMP1055,0,
EMP1082,Sharon Hurst,HR,Consultant,L2,2023-02-01,3.5,762191,High,EMP1227,0,
EMP1083,Kristen Phillips,Operations,Senior Analyst,L1,2018-10-12,7.81,645046,Low,EMP1848,1,2025-08-19
EMP1084,Jerome Mcintosh,Operations,Senior Manager,L1,2018-10-17,7.79,1149100,Average,EMP1148,0,
EMP1085,Nicholas Mills,HR,Senior Manager,L5,2021-04-20,5.28,643174,Average,EMP1045,0,
EMP1086,Sarah Morrison,Engineering,Senior Manager,L4,2025-05-10,1.22,921469,Average,EMP1143,0,
EMP1087,Stephanie King,Operations,Analyst,L1,2023-08-27,2.93,756702,High,EMP1749,0,
EMP1088,Robert Washington,Finance,Consultant,L4,2020-04-04,6.33,1043693,Average,EMP1783,0,
EMP1089,Bonnie Preston,Finance,Senior Manager,L4,2024-09-20,1.86,1000098,Average,EMP1631,0,
EMP1090,Christy Miller,Consulting,Analyst,L5,2023-09-08,2.9,1211261,Average,EMP1339,0,
EMP1091,Daniel Moss,Finance,Senior Analyst,L4,2025-09-16,0.87,746995,Average,EMP1412,0,
EMP1092,Brenda Peck,Consulting,Senior Manager,L2,2021-12-21,4.61,819037,Average,EMP1731,0,
EMP1093,Jennifer Carpenter,Engineering,Senior Manager,L4,2023-02-15,3.46,606370,High,EMP1519,1,2024-07-26
EMP1094,Nicholas Rice,HR,Analyst,L5,2025-07-20,1.03,766712,Average,EMP1343,0,
EMP1095,Steve Miller,HR,Consultant,L5,2023-08-02,3.0,1013190,Average,EMP1386,1,2024-06-17
EMP1096,Michael Miles,HR,Senior Analyst,L5,2021-03-22,5.36,1127096,Low,EMP1472,1,2023-12-14
EMP1097,Patrick Riggs,Finance,Senior Manager,L1,2024-03-17,2.37,623350,Average,EMP1274,0,
EMP1098,Molly Wyatt,Engineering,Consultant,L2,2022-05-29,4.18,1160881,Average,EMP1352,0,
EMP1099,Barbara Mclean,Finance,Senior Analyst,L1,2020-04-27,6.26,1306691,Average,EMP1065,0,
EMP1100,William Walker,Finance,Manager,L3,2018-08-06,7.99,1024030,High,EMP1078,0,
EMP1101,Joseph Johnson,Engineering,Manager,L2,2025-05-04,1.24,1463038,Average,EMP1597,0,
EMP1102,Deborah Miller,Engineering,Senior Analyst,L4,2026-05-08,0.23,667863,Average,EMP1635,0,
EMP1103,Eric Garcia,Engineering,Analyst,L5,2023-05-25,3.19,526603,Low,EMP1201,0,
EMP1104,Timothy Trevino,Engineering,Senior Analyst,L3,2020-02-06,6.48,366383,High,EMP1977,0,
EMP1105,Lisa White,HR,Senior Analyst,L2,2024-10-01,1.83,1348813,Average,EMP1661,0,
EMP1106,Michael Kirk,Sales,Analyst,L1,2025-09-19,0.86,1096309,Low,EMP1557,0,
EMP1107,Tyler Moore,Sales,Analyst,L5,2019-06-01,7.17,883324,Average,EMP1112,0,
EMP1108,James Reynolds,Engineering,Consultant,L1,2022-05-18,4.21,983990,Average,EMP1090,0,
EMP1109,James Perkins,Sales,Consultant,L2,2025-03-04,1.41,562353,Low,EMP1140,0,
EMP1110,Anna Wilson,Sales,Analyst,L2,2023-07-14,3.05,1633725,Average,EMP1288,0,
EMP1111,Janet Williams,Engineering,Manager,L3,2025-04-29,1.25,938766,Average,EMP1900,0,
EMP1112,Marissa Frazier,Sales,Manager,L4,2024-10-17,1.79,932818,Average,EMP1729,0,
EMP1113,Alex Dickerson,Finance,Senior Analyst,L1,2020-03-13,6.39,1117729,High,EMP1588,0,
EMP1114,Elizabeth Soto,Consulting,Senior Manager,L3,2021-12-07,4.65,1044302,High,EMP1410,0,
EMP1115,Willie Lambert,Consulting,Senior Analyst,L5,2021-10-28,4.76,967165,Average,EMP1376,0,
EMP1116,Brad Cunningham,Engineering,Senior Analyst,L4,2026-02-24,0.43,662857,Average,EMP1383,0,
EMP1117,Michele Parker,HR,Senior Manager,L3,2023-04-17,3.29,1041440,Average,EMP1845,0,
EMP1118,Adrian Bolton,Engineering,Analyst,L1,2024-11-30,1.67,1464607,Average,EMP1151,0,
EMP1119,Steven Washington,HR,Manager,L2,2026-06-19,0.12,1303626,Average,EMP1834,1,2026-07-03
EMP1120,Joshua Perez,Consulting,Senior Analyst,L5,2022-05-26,4.18,1377955,Low,EMP1750,0,
EMP1121,Ashley Blackwell,Engineering,Senior Manager,L1,2024-07-02,2.08,746635,Average,EMP1626,0,
EMP1122,Terry Hernandez,Operations,Consultant,L4,2025-11-24,0.68,603118,High,EMP1318,0,
EMP1123,Amanda Ingram,Finance,Senior Analyst,L4,2024-11-30,1.67,862263,Average,EMP1368,0,
EMP1124,Elizabeth Barnes,Sales,Manager,L2,2022-06-11,4.14,916717,Low,EMP1605,1,2022-12-19
EMP1125,Sabrina Rich,HR,Analyst,L2,2019-09-19,6.87,1228257,High,EMP1994,0,
EMP1126,David Jackson,Operations,Senior Analyst,L5,2023-10-19,2.78,392260,Average,EMP1559,0,
EMP1127,Julie Burns,Sales,Senior Analyst,L5,2020-05-13,6.22,1358865,Average,EMP1702,1,2023-01-06
EMP1128,Eric Hodges,Sales,Senior Manager,L2,2024-11-08,1.73,852597,Average,EMP1461,0,
EMP1129,Stephanie Yang,Engineering,Consultant,L2,2022-11-15,3.71,771935,Average,EMP1011,0,
EMP1130,Andrew Mckinney,Sales,Consultant,L4,2025-01-15,1.54,596368,High,EMP1155,0,
EMP1131,James Dorsey,Finance,Analyst,L2,2020-10-10,5.81,403542,Average,EMP1683,0,
EMP1132,Thomas Price,Operations,Manager,L3,2018-11-29,7.67,1146951,Average,EMP1476,0,
EMP1133,Molly Thornton,Sales,Analyst,L1,2026-02-03,0.49,921995,High,EMP1938,0,
EMP1134,Tracy Clark,Engineering,Senior Analyst,L2,2022-11-02,3.75,513011,High,EMP1400,0,
EMP1135,Matthew Lucas,Finance,Senior Analyst,L5,2026-04-18,0.28,511476,High,EMP1807,0,
EMP1136,Maria Browning,Consulting,Consultant,L3,2023-01-01,3.58,799264,Average,EMP1176,0,
EMP1137,Alison Gutierrez,Operations,Manager,L5,2020-02-28,6.42,1400706,Average,EMP1340,0,
EMP1138,Jorge Stephens,Sales,Senior Manager,L3,2025-10-22,0.77,822122,High,EMP1056,0,
EMP1139,Gavin Wood,Engineering,Manager,L2,2025-12-24,0.6,449057,High,EMP1854,0,
EMP1140,Jeremy Johnson,Consulting,Senior Analyst,L1,2021-08-21,4.95,826277,Low,EMP1851,0,
EMP1141,Tracy Roach,Consulting,Senior Manager,L5,2024-01-17,2.54,818182,Low,EMP1447,0,
EMP1142,Connor Hawkins,HR,Manager,L3,2020-02-03,6.49,300000,Average,EMP1202,0,
EMP1143,Andre Allen,Finance,Manager,L4,2019-12-10,6.64,883711,High,EMP1696,0,
EMP1144,Heather Reyes,Sales,Senior Manager,L2,2023-10-05,2.82,830719,Average,EMP1632,0,
EMP1145,Heidi Henry,Engineering,Senior Analyst,L1,2021-10-29,4.76,1108861,Average,EMP1737,0,
EMP1146,Jon Williams,HR,Manager,L2,2019-08-03,7.0,1454686,Low,EMP1201,0,
EMP1147,Scott Torres,Finance,Senior Manager,L4,2019-03-14,7.39,1237969,Average,EMP1329,0,
EMP1148,Debra Hall,HR,Senior Analyst,L1,2020-12-24,5.6,819333,High,EMP1362,0,
EMP1149,Shannon Mcgrath,Operations,Senior Manager,L4,2023-03-29,3.34,568042,Average,EMP1891,0,
EMP1150,Kelsey Nelson,Finance,Senior Manager,L2,2019-05-08,7.24,1672007,High,EMP1453,0,
EMP1151,Peter Ortiz,Finance,Manager,L3,2024-08-06,1.98,917765,High,EMP1355,0,
EMP1152,Carol Wright,Sales,Senior Analyst,L2,2019-05-09,7.23,904178,Average,EMP1215,0,
EMP1153,Jennifer Turner,Finance,Manager,L2,2023-04-13,3.3,892762,Average,EMP1971,1,2026-01-18
EMP1154,Brian Howard,HR,Analyst,L2,2023-02-07,3.48,959425,Average,EMP1554,0,
EMP1155,Kimberly Curry,Finance,Analyst,L5,2020-05-11,6.22,856691,High,EMP1886,0,
EMP1156,Valerie Smith,Sales,Senior Analyst,L4,2022-03-14,4.38,727901,Average,EMP1022,0,
EMP1157,Teresa Neal,Sales,Senior Manager,L4,2019-02-16,7.46,735942,Average,EMP1154,0,
EMP1158,Tracy Small,Operations,Manager,L4,2026-06-09,0.14,890174,High,EMP1185,0,
EMP1159,Rachael Ryan,HR,Manager,L5,2024-09-09,1.89,736972,Average,EMP1248,0,
EMP1160,William Palmer,Consulting,Senior Analyst,L3,2024-11-14,1.71,686146,High,EMP1748,0,
EMP1161,Eric Stewart,Consulting,Senior Analyst,L2,2018-12-29,7.59,931929,Average,EMP1804,0,
EMP1162,Jacqueline Jacobs,Finance,Analyst,L3,2020-01-16,6.54,823506,Average,EMP1133,0,
EMP1163,Thomas Keith,Operations,Consultant,L5,2025-02-04,1.48,1351197,Average,EMP1320,0,
EMP1164,Andrea Ruiz,Engineering,Senior Analyst,L4,2024-07-12,2.05,300000,High,EMP1389,0,
EMP1165,Logan Gomez,Finance,Consultant,L2,2024-06-27,2.09,1227452,Average,EMP1433,0,
EMP1166,Michael Moore,Operations,Senior Analyst,L1,2026-06-28,0.09,1273825,High,EMP1021,1,2026-07-03
EMP1167,Wendy Brown DVM,HR,Senior Manager,L1,2024-09-26,1.84,300000,High,EMP1872,0,
EMP1168,Amanda Mcbride,HR,Senior Manager,L3,2020-12-02,5.66,797193,Average,EMP1599,0,
EMP1169,Tammy Lopez,HR,Analyst,L4,2020-11-28,5.67,788567,High,EMP1664,0,
EMP1170,Robert Moody,HR,Analyst,L1,2019-10-16,6.79,477746,Low,EMP1124,0,
EMP1171,Sierra Ramirez,HR,Consultant,L3,2022-12-15,3.63,666654,Average,EMP1078,0,
EMP1172,Krista Gomez,Operations,Senior Analyst,L5,2025-07-01,1.08,566827,Average,EMP1857,0,
EMP1173,David Hopkins,Operations,Manager,L3,2021-04-06,5.32,1425681,High,EMP1967,0,
EMP1174,Ethan Johnston,Sales,Analyst,L3,2020-10-18,5.79,1180703,Average,EMP1050,0,
EMP1175,Ronald Edwards,Consulting,Manager,L3,2026-01-05,0.57,1281466,Average,EMP1727,0,
EMP1176,Kevin Sullivan,HR,Manager,L2,2023-11-15,2.71,1116501,Average,EMP1175,1,2026-06-10
EMP1177,James Sims,Engineering,Senior Analyst,L3,2022-02-12,4.47,561284,Average,EMP1869,0,
EMP1178,Lisa Smith,Operations,Consultant,L3,2022-09-01,3.92,742643,Low,EMP1252,0,
EMP1179,John Rosales,Engineering,Senior Analyst,L2,2018-12-30,7.59,1046812,High,EMP1965,0,
EMP1180,Melissa Wood,Engineering,Analyst,L2,2020-01-21,6.53,533361,High,EMP1245,0,
EMP1181,Leslie Dixon,Engineering,Manager,L5,2023-12-10,2.64,1113899,Average,EMP1738,0,
EMP1182,Kevin Moran,Sales,Senior Analyst,L4,2021-08-04,4.99,827902,High,EMP1105,0,
EMP1183,Toni Jones,Operations,Senior Analyst,L1,2026-04-17,0.29,787553,Average,EMP1192,0,
EMP1184,Samuel Mcgrath,Engineering,Senior Analyst,L1,2025-10-07,0.81,1113287,High,EMP1315,0,
EMP1185,Tracy Arnold,HR,Analyst,L3,2025-01-21,1.52,1033278,Average,EMP1301,0,
EMP1186,Melissa Jones,Finance,Consultant,L5,2024-03-14,2.38,791710,Average,EMP1547,0,
EMP1187,Christina Mejia MD,Engineering,Senior Analyst,L3,2024-01-08,2.56,1247798,Average,EMP1953,0,
EMP1188,Martha Johnson,Sales,Analyst,L1,2021-06-27,5.1,575681,High,EMP1715,0,
EMP1189,Justin Garza,Operations,Manager,L2,2025-01-09,1.56,1084780,Average,EMP1933,0,
EMP1190,Dean Morgan,Sales,Senior Manager,L4,2024-03-14,2.38,1077930,Average,EMP1778,0,
EMP1191,Carolyn Torres,Engineering,Analyst,L5,2022-10-26,3.76,807136,Low,EMP1267,0,
EMP1192,Brian Diaz,Operations,Senior Manager,L2,2022-06-05,4.16,997839,Average,EMP1169,0,
EMP1193,Anthony Silva,Finance,Senior Analyst,L4,2022-10-06,3.82,524665,Average,EMP1550,0,
EMP1194,Monique Thomas,Engineering,Senior Analyst,L5,2022-12-11,3.64,1177208,Average,EMP1454,0,
EMP1195,Leslie Miller,Sales,Analyst,L5,2026-02-02,0.49,844529,High,EMP1650,0,
EMP1196,Allison Glover,Consulting,Senior Manager,L1,2025-09-04,0.9,743183,Low,EMP1291,0,
EMP1197,Matthew Rogers,HR,Senior Analyst,L2,2025-04-13,1.3,1214702,Average,EMP1563,0,
EMP1198,David Chavez,Sales,Manager,L5,2023-05-12,3.22,688696,Average,EMP1798,0,
EMP1199,Keith Brown,Operations,Consultant,L5,2019-10-12,6.81,477461,High,EMP1800,0,
EMP1200,Suzanne Sullivan,Engineering,Consultant,L4,2022-11-27,3.68,433011,High,EMP1140,0,
EMP1201,Joanna George,HR,Senior Analyst,L1,2022-10-25,3.77,1081802,Average,EMP1145,0,
EMP1202,Raymond Crawford,Engineering,Senior Manager,L3,2021-07-08,5.07,515871,Average,EMP1424,0,
EMP1203,Michelle Wolfe,Operations,Senior Analyst,L1,2023-08-12,2.97,1426438,Average,EMP1313,0,
EMP1204,Dr. Alexander Watts MD,Engineering,Senior Manager,L3,2025-09-22,0.85,300000,Average,EMP1183,0,
EMP1205,Raymond Smith,Consulting,Manager,L2,2020-04-02,6.33,1408936,High,EMP1663,0,
EMP1206,Evan Brown,HR,Senior Manager,L2,2023-09-04,2.91,963305,Average,EMP1712,0,
EMP1207,Lynn Soto,HR,Senior Analyst,L5,2024-06-15,2.13,870986,Average,EMP1127,0,
EMP1208,Natalie Davis,Operations,Manager,L2,2024-10-10,1.81,736524,Average,EMP1286,0,
EMP1209,Melissa Green,Consulting,Analyst,L5,2026-05-06,0.24,1019740,High,EMP1822,0,
EMP1210,Travis Sherman,Sales,Consultant,L1,2024-08-16,1.96,888709,Average,EMP1252,0,
EMP1211,Joel Casey,Engineering,Senior Analyst,L2,2022-06-04,4.16,1230990,Average,EMP1777,0,
EMP1212,Dawn Hardy,Finance,Senior Analyst,L1,2019-05-10,7.23,934268,Average,EMP1699,0,
EMP1213,Vincent Cunningham,Engineering,Senior Analyst,L1,2021-04-01,5.33,945090,High,EMP1385,0,
EMP1214,Stephen Payne,Engineering,Manager,L2,2023-07-09,3.06,790916,Low,EMP1229,0,
EMP1215,Joshua Smith,Sales,Analyst,L1,2020-02-20,6.45,882916,Average,EMP1270,0,
EMP1216,Paula Riley,Engineering,Senior Manager,L2,2024-07-17,2.04,992340,Low,EMP1770,0,
EMP1217,Amy Wall,Consulting,Analyst,L2,2020-11-07,5.73,386949,Average,EMP1810,0,
EMP1218,Ian Foster,Consulting,Manager,L2,2023-01-01,3.58,495544,Average,EMP1414,1,2023-11-07
EMP1219,Angelica Grant,HR,Senior Analyst,L3,2023-07-29,3.01,1122979,Average,EMP1197,0,
EMP1220,Rebekah Hudson,Operations,Consultant,L1,2021-02-12,5.47,951259,Average,EMP1322,0,
EMP1221,Autumn Snyder,Finance,Senior Analyst,L4,2021-12-27,4.59,844804,Average,EMP1055,0,
EMP1222,Kristen Silva,Engineering,Senior Manager,L2,2024-12-09,1.64,905530,Average,EMP1830,0,
EMP1223,Jason Gibson,Engineering,Consultant,L1,2023-03-06,3.41,1004274,High,EMP1202,0,
EMP1224,Tracy Taylor,Sales,Senior Analyst,L5,2020-04-28,6.26,738072,Average,EMP1782,0,
EMP1225,Alexandra Warren,Operations,Consultant,L2,2020-08-25,5.93,666508,High,EMP1620,0,
EMP1226,Kevin Hansen,Consulting,Analyst,L2,2023-06-21,3.11,958753,Average,EMP1627,0,
EMP1227,Joe Phelps,Finance,Manager,L4,2021-11-07,4.73,606488,Low,EMP1603,0,
EMP1228,Alexis Perry,HR,Senior Analyst,L3,2022-08-05,3.99,1022475,Average,EMP1137,0,
EMP1229,Loretta Cox,Consulting,Senior Manager,L3,2023-01-27,3.51,389224,Average,EMP1421,0,
EMP1230,Kelly Wade,Operations,Analyst,L2,2022-02-02,4.49,1208746,Average,EMP1814,0,
EMP1231,Sarah Sanders,HR,Senior Analyst,L1,2025-12-10,0.64,1041779,Low,EMP1056,1,2026-06-24
EMP1232,John Finley MD,Sales,Analyst,L5,2022-09-10,3.89,976808,Average,EMP1561,0,
EMP1233,Ryan Flynn,Sales,Senior Manager,L5,2018-10-26,7.77,1194807,High,EMP1070,0,
EMP1234,Jose Klein,Engineering,Senior Analyst,L1,2024-11-14,1.71,1399642,Average,EMP1910,0,
EMP1235,Anne Fischer,Operations,Senior Manager,L2,2021-11-22,4.69,1204311,High,EMP1913,1,2022-07-31
EMP1236,David Thompson,Finance,Consultant,L5,2024-11-20,1.69,347737,Average,EMP1593,0,
EMP1237,James Davis,HR,Senior Manager,L3,2023-06-12,3.14,516126,Average,EMP1371,0,
EMP1238,Kelly Larsen,Consulting,Consultant,L1,2019-09-06,6.9,712554,Average,EMP1616,0,
EMP1239,Dylan Brown,Operations,Senior Analyst,L4,2022-10-13,3.8,907827,Average,EMP1599,0,
EMP1240,Shaun Harris,Operations,Consultant,L2,2025-03-17,1.37,1055297,Average,EMP1513,0,
EMP1241,Lawrence Mcdonald,Sales,Senior Analyst,L1,2021-06-13,5.13,682276,Average,EMP1871,0,
EMP1242,Cheryl Sanchez,Engineering,Senior Analyst,L5,2019-09-23,6.86,956030,Low,EMP1083,0,
EMP1243,Travis Walker,Engineering,Manager,L2,2018-11-01,7.75,673385,Average,EMP1993,0,
EMP1244,Carlos Ortiz,HR,Senior Analyst,L3,2019-11-20,6.7,716544,Average,EMP1042,0,
EMP1245,Dennis Deleon,Sales,Consultant,L2,2022-09-05,3.9,478001,High,EMP1665,0,
EMP1246,Stephanie Soto,Operations,Manager,L2,2018-11-12,7.72,623030,High,EMP1838,0,
EMP1247,Isabel Reed,Finance,Manager,L3,2023-04-08,3.32,494494,High,EMP1933,0,
EMP1248,Sheila Green,Sales,Senior Analyst,L3,2021-10-03,4.83,607238,High,EMP1605,0,
EMP1249,Jenna Anderson,HR,Senior Manager,L2,2019-10-18,6.79,1216092,Average,EMP1809,0,
EMP1250,Donald Blevins,HR,Senior Manager,L3,2025-10-04,0.82,615180,Average,EMP1132,0,
EMP1251,Vincent Young,Sales,Manager,L1,2023-09-12,2.88,1689714,High,EMP1394,1,2025-01-01
EMP1252,Amanda Woods,HR,Senior Analyst,L3,2021-04-02,5.33,1047995,Average,EMP1064,0,
EMP1253,Samantha Huang,Sales,Senior Manager,L3,2018-12-17,7.62,955450,Average,EMP1289,0,
EMP1254,Valerie Ramirez,Consulting,Senior Analyst,L2,2020-02-13,6.47,642492,Low,EMP1375,0,
EMP1255,Whitney Lee,Sales,Senior Analyst,L1,2018-10-15,7.8,1110092,Average,EMP1768,0,
EMP1256,Larry Porter,Sales,Manager,L4,2024-09-22,1.85,727308,Average,EMP1466,0,
EMP1257,Kristin Pennington,HR,Manager,L4,2020-11-02,5.75,936602,High,EMP1897,0,
EMP1258,Victoria Bailey,HR,Analyst,L5,2024-03-08,2.4,1668025,Average,EMP1212,0,
EMP1259,Bethany Murray,Engineering,Senior Manager,L3,2023-01-24,3.52,871182,Average,EMP1147,0,
EMP1260,Diana Nguyen,Engineering,Senior Manager,L3,2022-09-08,3.9,1244781,High,EMP1572,0,
EMP1261,Mary Gutierrez,Consulting,Senior Manager,L1,2021-10-06,4.82,689047,Low,EMP1470,0,
EMP1262,Jeffrey Park,Engineering,Consultant,L4,2021-01-01,5.58,889503,Average,EMP1148,0,
EMP1263,Jessica Rice,Sales,Senior Analyst,L5,2020-09-07,5.9,1431240,Low,EMP1087,1,2023-08-04
EMP1264,James Wright,HR,Manager,L1,2023-10-05,2.82,711909,Average,EMP1323,0,
EMP1265,Jacob Harmon,Engineering,Senior Manager,L3,2021-09-15,4.88,1443734,High,EMP1894,0,
EMP1266,Gregory Klein,Engineering,Analyst,L4,2018-09-01,7.92,1112325,Average,EMP1395,0,
EMP1267,Rachel Lee,Consulting,Senior Manager,L5,2020-07-21,6.03,731259,High,EMP1789,0,
EMP1268,Carolyn Davis,Operations,Senior Analyst,L2,2026-04-25,0.27,1089722,Average,EMP1403,0,
EMP1269,Scott Gordon,Consulting,Senior Analyst,L4,2024-09-13,1.88,1191766,High,EMP1081,0,
EMP1270,Christopher Myers,Sales,Manager,L5,2024-02-08,2.48,1086542,High,EMP1640,0,
EMP1271,Allen Ryan,HR,Consultant,L1,2021-02-14,5.46,428932,High,EMP1285,0,
EMP1272,Jennifer Cruz,Consulting,Manager,L2,2023-10-22,2.78,681858,Low,EMP1381,0,
EMP1273,Zachary Lynch,Engineering,Senior Manager,L5,2023-02-10,3.47,825744,High,EMP1864,0,
EMP1274,Rodney Proctor,HR,Analyst,L5,2024-04-12,2.3,877669,Average,EMP1791,0,
EMP1275,Alicia Wilson,HR,Manager,L3,2025-02-14,1.46,1086201,Average,EMP1269,0,
EMP1276,Priscilla Morales,Engineering,Consultant,L4,2018-09-02,7.92,953310,High,EMP1291,0,
EMP1277,Kevin Benjamin,Consulting,Manager,L3,2023-09-04,2.91,499396,Average,EMP1452,0,
EMP1278,Christopher Allen,Engineering,Senior Analyst,L2,2020-05-05,6.24,1014059,High,EMP1714,0,
EMP1279,Paul Harrison,Operations,Senior Manager,L5,2022-02-10,4.47,1083175,Low,EMP1023,0,
EMP1280,William Lyons,HR,Senior Manager,L3,2024-07-02,2.08,1067937,Average,EMP1955,0,
EMP1281,Abigail Moody,Finance,Senior Manager,L4,2022-03-20,4.37,1224234,Average,EMP1862,0,
EMP1282,Daniel Small,Finance,Senior Manager,L2,2019-12-22,6.61,1150176,Low,EMP1310,1,2021-05-27
EMP1283,Nicholas Ross,Sales,Senior Manager,L1,2019-07-06,7.07,1037754,Average,EMP1460,0,
EMP1284,Matthew Hernandez,Engineering,Senior Manager,L3,2025-06-15,1.13,878950,Low,EMP1207,0,
EMP1285,Jennifer Taylor,Engineering,Analyst,L2,2021-11-16,4.71,401711,Average,EMP1791,0,
EMP1286,Joyce Castillo,Sales,Consultant,L1,2025-07-04,1.07,1028885,Average,EMP1716,0,
EMP1287,Ryan Gaines,Sales,Senior Manager,L3,2022-06-13,4.13,962306,Average,EMP1663,0,
EMP1288,Rachel Cunningham,Sales,Consultant,L2,2024-09-02,1.91,981473,Average,EMP1437,0,
EMP1289,Abigail Goodman,HR,Senior Manager,L2,2023-04-02,3.33,516975,Average,EMP1537,0,
EMP1290,Sara Elliott,Operations,Manager,L3,2019-09-27,6.85,575683,Average,EMP1705,0,
EMP1291,Craig Clark,Engineering,Senior Manager,L2,2025-06-09,1.14,1215945,Low,EMP1335,0,
EMP1292,Nicholas Hodge,HR,Senior Analyst,L5,2026-04-28,0.26,888133,High,EMP1421,0,
EMP1293,Brandi Smith,Sales,Analyst,L3,2025-06-14,1.13,1104450,High,EMP1749,0,
EMP1294,Mark Ali,Engineering,Manager,L2,2024-01-28,2.51,908495,Average,EMP1320,0,
EMP1295,Tanya Jones,HR,Manager,L1,2024-05-28,2.18,908926,Average,EMP1496,0,
EMP1296,Andrew Stewart,Operations,Senior Analyst,L1,2020-04-07,6.32,1181485,High,EMP1586,0,
EMP1297,Kelly Mcclure,HR,Senior Manager,L5,2024-05-01,2.25,745186,Average,EMP1946,0,
EMP1298,Stephanie Campbell,Operations,Analyst,L3,2025-03-29,1.34,928836,Low,EMP1162,0,
EMP1299,Claudia Henderson,Sales,Manager,L2,2026-02-02,0.49,761317,Average,EMP1810,0,
EMP1300,David Adams,Operations,Analyst,L2,2025-01-07,1.56,769651,High,EMP1540,0,
EMP1301,Dustin Melendez,Engineering,Manager,L1,2018-12-06,7.65,807248,Low,EMP1164,0,
EMP1302,Samuel Garcia,Sales,Senior Manager,L5,2025-10-03,0.82,966640,Average,EMP1848,0,
EMP1303,Melinda Meyer,Engineering,Manager,L1,2025-01-06,1.56,756375,High,EMP1697,0,
EMP1304,Michelle Martinez,Finance,Manager,L1,2019-08-30,6.92,1276726,High,EMP1565,0,
EMP1305,Rachel Black,Consulting,Consultant,L5,2018-10-09,7.81,631617,Average,EMP1294,0,
EMP1306,William Estrada,Operations,Senior Manager,L3,2023-10-05,2.82,843938,Low,EMP1041,0,
EMP1307,Cindy Stephens,Consulting,Senior Analyst,L2,2021-02-26,5.43,768080,High,EMP1923,0,
EMP1308,Jay Coleman,Consulting,Senior Analyst,L3,2021-11-25,4.68,1334093,Average,EMP1284,0,
EMP1309,Dr. Nicholas Knapp,Operations,Senior Manager,L4,2024-06-29,2.09,958966,Low,EMP1938,1,2025-01-30
EMP1310,Travis Sloan,Sales,Senior Analyst,L4,2021-05-11,5.22,1209553,Low,EMP1386,0,
EMP1311,Gina Cook,Finance,Senior Manager,L4,2026-01-03,0.57,454331,High,EMP1137,0,
EMP1312,David Jones,Engineering,Senior Analyst,L5,2026-03-07,0.4,980115,Average,EMP1186,0,
EMP1313,William Miller,HR,Consultant,L1,2022-09-01,3.92,1166889,High,EMP1909,0,
EMP1314,Erica Ruiz,Engineering,Senior Analyst,L3,2022-04-05,4.32,924685,High,EMP1715,0,
EMP1315,Phillip Lopez,HR,Manager,L2,2022-01-14,4.55,1219644,Average,EMP1430,0,
EMP1316,Gina Rodriguez,Engineering,Senior Manager,L4,2024-09-26,1.84,744813,Average,EMP1553,1,2025-12-02
EMP1317,Christopher Gonzalez,Operations,Analyst,L3,2023-11-24,2.68,1322804,Average,EMP1861,0,
EMP1318,Kayla Nelson,Finance,Analyst,L4,2018-11-21,7.7,1589669,Average,EMP1415,0,
EMP1319,Gregory Fitzgerald,HR,Senior Manager,L4,2018-11-02,7.75,791148,Average,EMP1799,0,
EMP1320,Luis Bautista,Sales,Consultant,L2,2019-05-11,7.23,766349,High,EMP1425,0,
EMP1321,Kristin David,Engineering,Senior Analyst,L5,2022-06-29,4.09,1336015,Average,EMP1415,0,
EMP1322,Karen Day,Engineering,Consultant,L1,2025-01-03,1.57,1373871,High,EMP1025,0,
EMP1323,Jason Bullock,HR,Analyst,L5,2026-02-17,0.45,743141,Average,EMP1370,0,
EMP1324,Connie Moore,Sales,Senior Manager,L3,2025-10-14,0.79,773943,Average,EMP1384,0,
EMP1325,Mark Moore,Sales,Senior Manager,L5,2024-06-22,2.11,815464,Average,EMP1055,0,
EMP1326,Rachel Hunt,Operations,Consultant,L3,2025-09-20,0.86,496664,Average,EMP1252,0,
EMP1327,William Kim,Operations,Consultant,L3,2026-03-28,0.34,624404,Average,EMP1633,0,
EMP1328,Casey Nolan,Operations,Senior Analyst,L1,2020-12-19,5.62,598757,Average,EMP1105,0,
EMP1329,Lynn Tyler,Operations,Manager,L2,2024-09-10,1.89,669660,Average,EMP1129,1,2025-07-27
EMP1330,Monica Snyder,Operations,Manager,L1,2021-05-08,5.23,889594,Low,EMP1848,0,
EMP1331,Angela Lindsey,Operations,Senior Analyst,L5,2026-05-15,0.21,970264,Average,EMP1669,1,2026-07-13
EMP1332,Amanda Gordon,Finance,Manager,L3,2020-09-10,5.89,1365150,Average,EMP1375,0,
EMP1333,Ethan Mitchell,Sales,Analyst,L4,2024-08-28,1.92,600493,Average,EMP1742,0,
EMP1334,Nicole Cook,Operations,Manager,L4,2018-10-22,7.78,1195296,High,EMP1966,0,
EMP1335,Christopher Wagner,Sales,Senior Analyst,L3,2025-11-16,0.7,835803,Average,EMP1307,0,
EMP1336,Amanda Garcia,Sales,Manager,L1,2023-11-16,2.71,885160,Average,EMP1090,0,
EMP1337,Christopher Moore,Consulting,Senior Manager,L2,2022-12-27,3.59,1102445,Average,EMP1392,0,
EMP1338,Ryan Ramirez,Finance,Consultant,L1,2018-12-09,7.65,563183,Average,EMP1533,0,
EMP1339,Mariah Best,Operations,Analyst,L3,2018-10-26,7.77,1014722,Low,EMP1801,0,
EMP1340,Joseph Ortiz,Engineering,Senior Manager,L3,2020-10-21,5.78,949935,Average,EMP1109,0,
EMP1341,Jeffrey Schultz,HR,Senior Manager,L2,2025-04-20,1.28,1047735,Average,EMP1560,0,
EMP1342,Ruth Watkins,Engineering,Senior Analyst,L5,2022-07-26,4.02,986750,Average,EMP1640,0,
EMP1343,Stephanie Sexton,Finance,Consultant,L5,2024-10-05,1.82,1636590,Low,EMP1584,0,
EMP1344,William Peterson,HR,Consultant,L2,2018-08-19,7.95,708678,Low,EMP1339,0,
EMP1345,Timothy Jackson,Finance,Analyst,L5,2022-10-11,3.81,740700,Average,EMP1564,0,
EMP1346,Cynthia Williams,Sales,Senior Analyst,L4,2021-07-31,5.0,713057,High,EMP1978,0,
EMP1347,Paul Hester DDS,HR,Analyst,L5,2023-02-12,3.47,733356,Average,EMP1355,0,
EMP1348,William Hester,Sales,Manager,L5,2019-04-24,7.27,708783,Average,EMP1891,0,
EMP1349,Brian Valentine,Engineering,Senior Manager,L5,2025-09-06,0.9,1256704,Average,EMP1167,0,
EMP1350,Jessica Robinson,Engineering,Analyst,L4,2025-03-30,1.34,1326151,Average,EMP1556,0,
EMP1351,Shannon Jones,HR,Senior Manager,L5,2023-08-13,2.97,728776,Average,EMP1451,0,
EMP1352,Mark Moore,HR,Senior Analyst,L4,2024-03-02,2.41,650293,Average,EMP1904,0,
EMP1353,Charlotte George,Operations,Manager,L2,2020-06-20,6.12,1041424,Average,EMP1104,0,
EMP1354,Jesse Smith,Finance,Senior Analyst,L1,2019-06-17,7.13,734333,Low,EMP1149,0,
EMP1355,Daniel Williams,Operations,Manager,L2,2024-04-05,2.32,1089879,Low,EMP1145,0,
EMP1356,Brenda Fernandez,Finance,Manager,L1,2019-07-03,7.08,960876,Average,EMP1715,0,
EMP1357,Amy Lang,Operations,Senior Manager,L2,2025-07-27,1.01,445276,Low,EMP1873,0,
EMP1358,Charles Torres,Sales,Senior Analyst,L1,2024-04-13,2.3,1364251,Low,EMP1298,0,
EMP1359,Erin Brown,HR,Senior Analyst,L1,2022-09-27,3.84,1438763,Average,EMP1166,0,
EMP1360,Ashley Melton,Engineering,Analyst,L3,2020-09-29,5.84,716163,High,EMP1712,0,
EMP1361,Samantha Bell,Finance,Senior Analyst,L1,2023-05-11,3.22,783689,Average,EMP1645,1,2025-09-24
EMP1362,Jason Perkins,Finance,Analyst,L1,2019-08-19,6.95,985759,Average,EMP1722,0,
EMP1363,Daniel Frye,Engineering,Consultant,L3,2026-05-31,0.17,1000337,Average,EMP1047,0,
EMP1364,Marc Powers,Operations,Consultant,L5,2021-11-25,4.68,1097563,High,EMP1637,0,
EMP1365,Laura Dunn,Finance,Consultant,L5,2020-09-27,5.84,1503061,Average,EMP1238,0,
EMP1366,Leah Buchanan,Sales,Senior Analyst,L3,2021-06-26,5.1,846915,Low,EMP1006,0,
EMP1367,Daniel Thornton,HR,Senior Analyst,L4,2020-08-19,5.95,660510,Average,EMP1463,0,
EMP1368,Jennifer Davis,Engineering,Analyst,L1,2019-05-09,7.23,486204,Low,EMP1452,1,2023-05-29
EMP1369,Linda Chan,HR,Manager,L1,2022-03-23,4.36,680720,Average,EMP1783,0,
EMP1370,John Bryant,Finance,Analyst,L3,2019-06-18,7.12,890061,Average,EMP1896,0,
EMP1371,Clinton West,Finance,Consultant,L3,2021-03-08,5.4,1438367,High,EMP1370,1,2024-06-20
EMP1372,Nicole Evans,Engineering,Analyst,L4,2022-01-18,4.53,744716,Average,EMP1548,0,
EMP1373,Matthew Kirk,Sales,Manager,L5,2026-03-31,0.33,967136,Average,EMP1486,0,
EMP1374,Paul Shelton,Consulting,Senior Analyst,L2,2025-04-08,1.31,895073,High,EMP1210,1,2025-10-11
EMP1375,Patricia Beck,Engineering,Analyst,L5,2020-11-05,5.74,1256517,Low,EMP1164,0,
EMP1376,Alexa Chavez,Consulting,Consultant,L1,2024-06-02,2.16,1658079,Average,EMP1124,0,
EMP1377,Robert Huff,Operations,Consultant,L3,2026-02-08,0.47,740739,Average,EMP1336,0,
EMP1378,Jessica Beck,Consulting,Senior Analyst,L4,2021-07-30,5.01,753168,Average,EMP1191,0,
EMP1379,Amy Gordon,Sales,Analyst,L5,2022-10-24,3.77,1213248,Average,EMP1729,0,
EMP1380,Sydney Mccarthy,Operations,Manager,L4,2025-10-16,0.79,1104567,High,EMP1213,0,
EMP1381,Tiffany Brown,Consulting,Senior Analyst,L5,2023-01-02,3.58,1454012,Average,EMP1573,0,
EMP1382,Shannon Davis,Operations,Analyst,L1,2026-06-12,0.13,1075178,Average,EMP1327,0,
EMP1383,Sarah Jones,Consulting,Senior Manager,L2,2023-04-19,3.28,792212,Average,EMP1956,0,
EMP1384,Joanna Brewer,Sales,Consultant,L4,2018-10-02,7.83,1077196,High,EMP1380,0,
EMP1385,Tammy Rosales,Consulting,Manager,L4,2025-08-17,0.95,1232611,High,EMP1672,1,2025-11-04
EMP1386,Curtis Reed,Consulting,Manager,L2,2025-05-28,1.18,1146144,High,EMP1577,0,
EMP1387,Bryan Martin,Consulting,Manager,L4,2018-08-19,7.95,1052182,Low,EMP1797,1,2024-02-10
EMP1388,Debra Bradshaw,Engineering,Consultant,L4,2026-03-20,0.36,1220002,Average,EMP1238,0,
EMP1389,Jennifer Pena,Engineering,Analyst,L5,2020-01-06,6.57,1250788,Low,EMP1531,1,2026-07-26
EMP1390,Joe Olson,Engineering,Senior Analyst,L5,2019-03-04,7.41,1314647,Average,EMP1699,0,
EMP1391,James Johnson,Sales,Analyst,L2,2023-08-18,2.95,1094612,Low,EMP1081,0,
EMP1392,Renee Bates,Operations,Senior Analyst,L1,2023-03-07,3.4,849864,Average,EMP1362,0,
EMP1393,Dana Martinez,Finance,Manager,L4,2023-04-21,3.28,944014,Average,EMP1504,0,
EMP1394,Christine Macias,Consulting,Analyst,L1,2022-07-13,4.05,1261952,Low,EMP1201,0,
EMP1395,Sally Thomas,Consulting,Manager,L2,2026-05-09,0.23,654919,Average,EMP1919,0,
EMP1396,Joseph Owens,Sales,Senior Manager,L2,2025-04-19,1.28,1010601,Average,EMP1503,0,
EMP1397,Riley Melendez,Consulting,Manager,L5,2022-04-07,4.32,781998,Average,EMP1643,1,2026-04-21
EMP1398,Daniel Graham,Engineering,Manager,L4,2022-12-29,3.59,908623,Low,EMP1036,0,
EMP1399,Dr. Melissa Robinson,Finance,Senior Analyst,L3,2019-02-27,7.43,1283535,Average,EMP1643,0,
EMP1400,Charles Cross,HR,Senior Manager,L2,2026-05-17,0.21,957329,High,EMP1588,0,
EMP1401,Brandon Sexton,Consulting,Manager,L4,2025-11-11,0.72,913930,Low,EMP1600,0,
EMP1402,Nicole Wolfe,Engineering,Manager,L1,2022-12-31,3.58,492043,Low,EMP1972,1,2024-03-25
EMP1403,Megan Mccullough,HR,Senior Manager,L5,2019-06-29,7.09,1123876,Average,EMP1401,0,
EMP1404,Justin Harris,Finance,Senior Manager,L1,2021-03-16,5.38,1093645,High,EMP1764,0,
EMP1405,Cynthia Martin,HR,Analyst,L2,2023-01-29,3.5,1548976,Average,EMP1855,0,
EMP1406,Dorothy Holt,Engineering,Senior Analyst,L2,2025-03-18,1.37,807666,Average,EMP1705,0,
EMP1407,Cody Miller,Operations,Senior Manager,L1,2020-01-17,6.54,965745,Average,EMP1175,0,
EMP1408,Andrea Blackburn,Operations,Senior Manager,L2,2021-10-04,4.82,974815,Average,EMP1544,0,
EMP1409,Rachel Campbell,HR,Consultant,L4,2023-12-13,2.63,1373235,Low,EMP1569,0,
EMP1410,Adriana Wiley,Sales,Senior Manager,L2,2025-03-18,1.37,871411,Average,EMP1466,0,
EMP1411,Sharon Alexander,HR,Senior Analyst,L5,2021-04-12,5.3,983706,High,EMP1200,0,
EMP1412,Monique Mclaughlin,Consulting,Manager,L4,2018-08-20,7.95,1082368,Average,EMP1539,0,
EMP1413,Benjamin Conner,Consulting,Manager,L3,2021-05-10,5.23,955982,High,EMP1546,1,2025-02-08
EMP1414,Daniel Miller,Operations,Manager,L2,2023-12-16,2.62,766069,Average,EMP1998,0,
EMP1415,Megan Bell,Sales,Manager,L2,2022-06-20,4.12,958226,Low,EMP1636,0,
EMP1416,Ricardo Snyder,Engineering,Consultant,L5,2019-06-22,7.11,1222089,High,EMP1393,0,
EMP1417,Joanne Adams,Consulting,Senior Manager,L5,2021-06-24,5.1,592045,Low,EMP1832,0,
EMP1418,Mary Pearson,Operations,Manager,L1,2020-04-27,6.26,939890,Average,EMP1041,0,
EMP1419,Patricia Turner,Finance,Analyst,L1,2026-02-02,0.49,689963,Low,EMP1596,0,
EMP1420,Brian Riley,Operations,Manager,L1,2026-02-13,0.46,1258513,Low,EMP1392,0,
EMP1421,Kristin Farmer,Consulting,Senior Manager,L5,2024-03-21,2.36,443043,Average,EMP1699,0,
EMP1422,Gregory Hendrix,Consulting,Manager,L1,2026-06-13,0.13,732323,Average,EMP1622,0,
EMP1423,Jennifer Henry,Operations,Consultant,L1,2019-03-16,7.38,1013163,Average,EMP1782,0,
EMP1424,Mr. Michael Clark,Engineering,Senior Analyst,L3,2019-10-13,6.8,1369657,Average,EMP1994,0,
EMP1425,Michael Johnson,HR,Senior Analyst,L1,2019-08-11,6.98,880274,Low,EMP1440,0,
EMP1426,Heather White,Consulting,Senior Manager,L2,2021-07-22,5.03,733440,Low,EMP1836,0,
EMP1427,Karen Wilkerson,Operations,Senior Analyst,L5,2024-12-15,1.62,1464347,Average,EMP1616,0,
EMP1428,Thomas Payne,Operations,Senior Analyst,L4,2025-07-19,1.03,465595,Average,EMP1505,0,
EMP1429,Jonathan Ellis,Sales,Analyst,L3,2018-12-25,7.6,300000,Average,EMP1917,0,
EMP1430,Gregory Murray,HR,Senior Manager,L5,2019-07-04,7.08,1032004,Average,EMP1319,0,
EMP1431,Kevin Higgins,Finance,Senior Manager,L5,2026-01-28,0.5,749383,High,EMP1552,0,
EMP1432,Joseph Chambers,Engineering,Senior Analyst,L2,2022-02-06,4.48,593630,Average,EMP1214,0,
EMP1433,Sherry Johnson,Finance,Senior Analyst,L1,2024-04-26,2.26,1112506,Average,EMP1070,0,
EMP1434,Lindsey Shields,HR,Senior Analyst,L2,2023-07-09,3.06,973140,Average,EMP1567,0,
EMP1435,Tracy Williams,HR,Consultant,L1,2024-09-27,1.84,730776,Average,EMP1918,0,
EMP1436,Julia Myers,HR,Manager,L1,2026-05-11,0.22,515908,Average,EMP1235,0,
EMP1437,Crystal Adams,Finance,Consultant,L5,2020-02-24,6.44,1161737,High,EMP1280,0,
EMP1438,Taylor Hodge,HR,Senior Manager,L1,2022-07-19,4.04,1095060,Average,EMP1986,0,
EMP1439,Margaret Hill,Operations,Analyst,L3,2019-05-30,7.18,870247,High,EMP1616,0,
EMP1440,Jeffrey Walls,Finance,Manager,L3,2026-04-12,0.3,1453991,High,EMP1901,0,
EMP1441,Brandon Reed,HR,Analyst,L3,2019-10-03,6.83,578974,High,EMP1886,0,
EMP1442,Valerie Miller,Operations,Senior Manager,L5,2026-02-13,0.46,442342,High,EMP1161,0,
EMP1443,John Johnston,Sales,Senior Manager,L2,2021-04-14,5.3,692427,Average,EMP1190,0,
EMP1444,William Anderson,HR,Analyst,L4,2024-01-31,2.5,886324,Average,EMP1008,0,
EMP1445,Janet Greene,Finance,Analyst,L1,2019-06-30,7.09,973001,Average,EMP1059,0,
EMP1446,Robert Glass,Consulting,Analyst,L4,2022-02-14,4.46,827629,Average,EMP1892,1,2022-05-29
EMP1447,Joseph Perkins,HR,Senior Manager,L2,2026-06-15,0.13,1005616,Average,EMP1816,0,
EMP1448,Susan Erickson,Consulting,Senior Analyst,L2,2023-10-16,2.79,524538,Average,EMP1224,0,
EMP1449,Justin Harrison,Operations,Analyst,L5,2023-12-22,2.61,1333129,Average,EMP1818,0,
EMP1450,Amy Myers,Sales,Manager,L3,2022-07-31,4.0,875354,Average,EMP1699,0,
EMP1451,Lisa Rodriguez,Engineering,Senior Manager,L3,2024-02-04,2.49,1235188,Average,EMP1581,0,
EMP1452,Holly Odom,Sales,Consultant,L2,2022-09-18,3.87,1002817,Average,EMP1804,0,
EMP1453,Judy Mata,HR,Consultant,L5,2023-11-05,2.74,1037025,Low,EMP1286,0,
EMP1454,William Smith,Consulting,Manager,L5,2026-05-07,0.23,1070930,High,EMP1993,1,2026-05-10
EMP1455,Jacob Pruitt,Consulting,Senior Analyst,L1,2026-01-14,0.54,1034312,Average,EMP1168,1,2026-05-15
EMP1456,Karen Montgomery,Finance,Analyst,L3,2024-10-05,1.82,1092816,Average,EMP1061,0,
EMP1457,Thomas Alexander,Consulting,Senior Manager,L2,2023-12-24,2.6,1298745,Low,EMP1348,0,
EMP1458,Brandi Walker,Finance,Analyst,L4,2019-10-28,6.76,958956,Average,EMP1441,0,
EMP1459,Sandra Perez,Operations,Senior Manager,L3,2026-05-05,0.24,1112701,Average,EMP1013,0,
EMP1460,John Moore,Engineering,Consultant,L1,2020-09-14,5.88,873079,Average,EMP1163,0,
EMP1461,Richard Perry,HR,Analyst,L5,2025-10-10,0.81,1332035,Low,EMP1419,0,
EMP1462,Rebecca Mitchell,Finance,Manager,L2,2021-11-20,4.7,697082,Average,EMP1756,0,
EMP1463,Joanne Simmons,Engineering,Senior Analyst,L3,2020-08-31,5.92,1440282,Average,EMP1846,0,
EMP1464,Emily Caldwell,Consulting,Manager,L4,2019-10-01,6.84,887952,Average,EMP1519,1,2021-05-21
EMP1465,Bryan Ray,Consulting,Senior Analyst,L1,2024-08-15,1.96,470767,Average,EMP1665,0,
EMP1466,James Washington,Engineering,Analyst,L1,2019-07-20,7.04,938431,Average,EMP1547,1,2023-07-15
EMP1467,Peggy Elliott PhD,Consulting,Analyst,L3,2020-03-05,6.41,695684,Average,EMP1559,0,
EMP1468,Maria Carter,Operations,Senior Analyst,L4,2019-01-09,7.56,1152193,High,EMP1596,0,
EMP1469,Chad Dalton,Operations,Consultant,L1,2024-06-12,2.13,704212,Average,EMP1027,0,
EMP1470,Michael Jones,Engineering,Senior Manager,L2,2022-08-02,4.0,766144,Average,EMP1707,0,
EMP1471,John Valencia,Finance,Manager,L1,2023-07-24,3.02,333137,Low,EMP1445,0,
EMP1472,Chris King,Finance,Manager,L4,2021-12-25,4.6,764308,Average,EMP1207,0,
EMP1473,Oscar Wright,Engineering,Manager,L5,2021-05-12,5.22,300000,Low,EMP1469,0,
EMP1474,Anne White,Finance,Analyst,L5,2025-03-06,1.4,424829,Average,EMP1715,0,
EMP1475,Kristina Brown,Finance,Manager,L3,2022-12-27,3.59,1128124,High,EMP1975,0,
EMP1476,Dana Valenzuela,Operations,Senior Manager,L4,2018-11-14,7.72,1135740,Average,EMP1818,0,
EMP1477,David Mccann,Finance,Senior Manager,L1,2019-11-06,6.74,1027637,Low,EMP1103,0,
EMP1478,John Mcclure,Sales,Senior Analyst,L1,2019-11-05,6.74,609907,Low,EMP1741,0,
EMP1479,Nicole Ross,HR,Analyst,L5,2020-05-04,6.24,885686,Average,EMP1425,0,
EMP1480,Rebecca Gomez,Consulting,Senior Manager,L5,2025-04-26,1.26,898919,Average,EMP1100,0,
EMP1481,Angela Armstrong,Sales,Consultant,L2,2026-04-16,0.29,552490,Low,EMP1540,1,2026-07-01
EMP1482,Andrew Dorsey,Finance,Analyst,L5,2024-09-08,1.89,1351019,High,EMP1638,0,
EMP1483,Brian Campbell,Operations,Analyst,L2,2024-02-08,2.48,1163208,Average,EMP1849,0,
EMP1484,Tom Perkins,Engineering,Senior Manager,L1,2021-09-24,4.85,833710,Average,EMP1521,0,
EMP1485,Megan Aguilar DVM,Finance,Consultant,L2,2024-11-17,1.7,908065,High,EMP1105,0,
EMP1486,Brian Grant,Operations,Senior Analyst,L2,2026-01-13,0.55,962514,Low,EMP1678,0,
EMP1487,Christina Miller,HR,Senior Manager,L3,2022-11-12,3.72,300000,High,EMP1977,0,
EMP1488,Lisa Foster,Finance,Consultant,L5,2022-07-19,4.04,825846,Average,EMP1768,0,
EMP1489,Dr. Rebekah Olson,Engineering,Analyst,L2,2020-09-23,5.85,695404,High,EMP1806,0,
EMP1490,John Yang,Operations,Consultant,L1,2021-09-11,4.89,599513,Average,EMP1276,0,
EMP1491,Jordan Ramirez,Operations,Analyst,L4,2025-09-10,0.89,815669,High,EMP1064,0,
EMP1492,Jason James,Operations,Senior Manager,L2,2019-05-19,7.21,1439305,High,EMP1782,0,
EMP1493,Karen Patel,HR,Senior Manager,L5,2024-12-23,1.6,1092252,Average,EMP1899,0,
EMP1494,Ashley Weber,Finance,Manager,L3,2022-12-03,3.66,728646,High,EMP1187,0,
EMP1495,Rhonda Perry,HR,Manager,L1,2025-09-22,0.85,1071774,Average,EMP1316,0,
EMP1496,Jennifer Cook,Consulting,Manager,L3,2021-12-08,4.65,1319806,Average,EMP1915,0,
EMP1497,Kristina Kirk,Consulting,Senior Manager,L4,2024-05-21,2.19,1177390,Average,EMP1137,0,
EMP1498,Richard Wood,Finance,Senior Analyst,L2,2023-04-01,3.33,917889,Average,EMP1342,1,2024-03-18
EMP1499,Jennifer Newman,HR,Senior Manager,L2,2025-06-11,1.14,705918,Average,EMP1104,0,
EMP1500,Gloria Ford,Engineering,Consultant,L5,2019-12-15,6.63,1109466,Average,EMP1545,0,
EMP1501,Susan Hodges,Operations,Senior Manager,L2,2025-06-18,1.12,1018045,Average,EMP1379,0,
EMP1502,Stephanie Esparza,Operations,Senior Manager,L1,2025-02-07,1.48,1168557,High,EMP1109,0,
EMP1503,Jodi Mccormick,Finance,Analyst,L4,2024-07-30,2.0,1090551,High,EMP1943,0,
EMP1504,Ricardo Terry,Consulting,Analyst,L3,2025-11-23,0.68,1214865,Average,EMP1544,0,
EMP1505,Rodney Wilson,Consulting,Analyst,L4,2026-03-12,0.39,739429,Average,EMP1353,1,2026-03-19
EMP1506,Jaclyn Thomas,Operations,Senior Manager,L2,2020-09-12,5.88,1295218,Average,EMP1742,0,
EMP1507,Marcia Sharp,Finance,Senior Analyst,L3,2025-03-13,1.38,959279,Average,EMP1316,0,
EMP1508,Hannah Trevino,HR,Consultant,L5,2024-09-18,1.87,1522578,Low,EMP1265,0,
EMP1509,Amanda Castro,Consulting,Consultant,L4,2023-06-29,3.09,693243,Average,EMP1693,0,
EMP1510,Seth Price,HR,Senior Analyst,L3,2025-02-21,1.44,1420789,Average,EMP1851,0,
EMP1511,Angela Williams,Consulting,Senior Analyst,L3,2019-10-08,6.82,959373,High,EMP1064,0,
EMP1512,Andrew Cross,Consulting,Consultant,L3,2024-05-11,2.22,704574,Average,EMP1332,0,
EMP1513,Joshua Page,Sales,Manager,L1,2023-12-16,2.62,754834,Average,EMP1512,0,
EMP1514,Brittany Stevens,Consulting,Analyst,L4,2021-05-16,5.21,803895,Average,EMP1132,1,2022-02-25
EMP1515,Angela Ballard,Engineering,Analyst,L3,2022-07-12,4.05,1027249,Low,EMP1591,0,
EMP1516,Deborah Liu,Finance,Consultant,L4,2025-09-08,0.89,1056850,Average,EMP1782,0,
EMP1517,Nicole Mills,Finance,Senior Analyst,L3,2025-12-11,0.64,727889,Average,EMP1752,0,
EMP1518,Kellie Preston,HR,Manager,L5,2020-03-23,6.36,892693,Average,EMP1539,0,
EMP1519,Michael Gordon,Consulting,Consultant,L5,2019-11-17,6.71,1542681,Average,EMP1734,0,
EMP1520,Richard Nichols,Engineering,Analyst,L5,2022-11-01,3.75,1418262,High,EMP1534,0,
EMP1521,James Fritz,HR,Senior Manager,L2,2022-12-09,3.64,1030897,High,EMP1495,0,
EMP1522,Jackson Martinez,Sales,Senior Analyst,L3,2026-05-13,0.22,911401,Average,EMP1620,1,2026-06-20
EMP1523,Erica Allen MD,HR,Senior Manager,L2,2021-05-01,5.25,936009,Average,EMP1618,0,
EMP1524,Holly Mendez,HR,Consultant,L4,2023-12-27,2.59,1084055,Average,EMP1656,0,
EMP1525,Chad Parrish,Consulting,Analyst,L2,2019-12-14,6.63,593162,Average,EMP1368,0,
EMP1526,Thomas Brown,Sales,Manager,L4,2021-03-17,5.38,822787,Average,EMP1865,0,
EMP1527,James Byrd,HR,Senior Manager,L4,2023-10-15,2.79,399424,Low,EMP1908,0,
EMP1528,Angela Lopez,Engineering,Manager,L4,2025-05-23,1.19,1019766,Average,EMP1909,1,2026-07-28
EMP1529,Thomas Roy,Engineering,Analyst,L2,2023-12-30,2.59,1094158,Average,EMP1650,0,
EMP1530,Seth Dudley,Finance,Senior Manager,L3,2021-02-24,5.43,755044,Average,EMP1795,0,
EMP1531,Tyler Rodgers,Sales,Manager,L2,2021-06-07,5.15,1372196,High,EMP1809,1,2021-10-11
EMP1532,Nicole Hall,Sales,Manager,L3,2025-05-16,1.21,532270,High,EMP1991,0,
EMP1533,Jennifer Schultz,Finance,Senior Manager,L3,2022-01-09,4.56,460687,Average,EMP1098,0,
EMP1534,Carrie Randolph,HR,Analyst,L4,2019-04-28,7.26,967335,Average,EMP1316,0,
EMP1535,Maureen Andrews,Sales,Manager,L2,2022-10-02,3.83,1214129,High,EMP1122,0,
EMP1536,Michael Thompson,Engineering,Consultant,L3,2022-12-15,3.63,1405178,Low,EMP1319,0,
EMP1537,Amanda Lowe,Engineering,Senior Manager,L5,2019-02-07,7.48,762334,High,EMP1798,0,
EMP1538,Tammy Harris,Consulting,Senior Analyst,L3,2021-01-26,5.51,1223604,Low,EMP1592,0,
EMP1539,Alexander Harris,Sales,Senior Analyst,L5,2019-12-12,6.64,888447,High,EMP1494,0,
EMP1540,Derek Scott,HR,Analyst,L2,2024-07-21,2.03,848211,Average,EMP1456,0,
EMP1541,Mr. Mathew Jennings,Finance,Consultant,L2,2025-02-01,1.49,1165097,High,EMP1521,0,
EMP1542,Raymond Martin,Finance,Manager,L2,2019-06-25,7.1,1095696,High,EMP1519,0,
EMP1543,Terry Sullivan,HR,Senior Analyst,L3,2024-02-12,2.47,427082,Low,EMP1916,0,
EMP1544,Dr. Charles Cooper,Operations,Analyst,L1,2026-04-08,0.31,1342962,Average,EMP1716,0,
EMP1545,Katherine Carter,Consulting,Consultant,L3,2019-07-16,7.05,1314027,High,EMP1314,0,
EMP1546,Zachary Miller,Finance,Consultant,L3,2020-12-30,5.59,712331,Average,EMP1945,0,
EMP1547,Ann Davis,Sales,Analyst,L4,2022-06-25,4.1,1018741,High,EMP1708,0,
EMP1548,Brian Lee,Consulting,Analyst,L4,2025-10-14,0.79,1048209,Average,EMP1709,0,
EMP1549,Nancy Campbell,Sales,Manager,L3,2019-01-13,7.55,978202,Average,EMP1541,0,
EMP1550,Jennifer Sanders,Engineering,Analyst,L5,2020-06-28,6.09,734908,Average,EMP1478,0,
EMP1551,Nichole Young,Consulting,Manager,L4,2024-09-18,1.87,698512,Average,EMP1912,0,
EMP1552,Dylan Wright,Finance,Manager,L3,2023-09-07,2.9,892333,High,EMP1970,0,
EMP1553,Gary Henderson,Consulting,Senior Manager,L1,2019-08-19,6.95,1251818,Average,EMP1019,0,
EMP1554,Michael Gill,Consulting,Consultant,L5,2025-03-06,1.4,1063080,Average,EMP1559,0,
EMP1555,Michelle Beasley,Consulting,Consultant,L2,2023-04-30,3.25,788815,Average,EMP1968,0,
EMP1556,Chris Hatfield,Operations,Consultant,L3,2025-06-30,1.08,1131509,Average,EMP1129,0,
EMP1557,John Andersen,Consulting,Senior Manager,L3,2021-12-07,4.65,300000,High,EMP1292,0,
EMP1558,Jacob Carpenter,Sales,Manager,L5,2019-01-25,7.52,1244629,High,EMP1896,0,
EMP1559,Michelle Marshall,Engineering,Manager,L4,2021-08-03,4.99,378085,Average,EMP1131,0,
EMP1560,Alvin Butler,HR,Analyst,L4,2026-05-20,0.2,791267,High,EMP1355,0,
EMP1561,Pamela Thomas,Consulting,Senior Manager,L4,2019-03-13,7.39,564099,High,EMP1053,0,
EMP1562,Jennifer Klein,Finance,Analyst,L2,2021-07-12,5.05,511595,Average,EMP1889,0,
EMP1563,Jennifer Blankenship,Consulting,Senior Manager,L5,2021-04-21,5.28,1248248,High,EMP1792,0,
EMP1564,Amy Graves,Finance,Analyst,L5,2022-03-21,4.36,759689,Average,EMP1386,0,
EMP1565,Laura Knapp,Sales,Senior Analyst,L4,2021-10-07,4.82,1003951,Low,EMP1264,0,
EMP1566,Ronnie Holloway,Finance,Consultant,L4,2026-04-28,0.26,885923,High,EMP1981,0,
EMP1567,Rebecca Chen,HR,Consultant,L1,2024-12-05,1.65,1043112,Average,EMP1214,0,
EMP1568,Laura Hoffman,Engineering,Manager,L1,2023-08-28,2.93,923046,High,EMP1459,0,
EMP1569,Andrea Miller,Finance,Senior Analyst,L3,2023-11-08,2.73,515102,High,EMP1457,0,
EMP1570,Mark Bryant,Finance,Consultant,L3,2020-03-01,6.42,1198880,Low,EMP1801,0,
EMP1571,Rebecca Acosta,Engineering,Manager,L5,2024-05-04,2.24,751873,High,EMP1042,0,
EMP1572,Michael Pollard,HR,Senior Analyst,L5,2022-02-09,4.47,433025,Average,EMP1585,0,
EMP1573,Carla Christian,Consulting,Consultant,L2,2023-06-18,3.12,771565,Average,EMP1861,0,
EMP1574,Jeremy Barrett,Finance,Analyst,L2,2026-03-31,0.33,1350227,Average,EMP1277,0,
EMP1575,Joshua Thompson,Engineering,Senior Manager,L1,2026-02-01,0.49,1155066,High,EMP1837,0,
EMP1576,Kimberly Powell,Sales,Senior Analyst,L3,2019-06-06,7.16,795404,Low,EMP1753,0,
EMP1577,Robert Murphy PhD,Engineering,Manager,L1,2023-03-22,3.36,795222,Average,EMP1129,0,
EMP1578,Allen Frazier,Sales,Senior Analyst,L1,2022-01-22,4.52,803509,Average,EMP1349,0,
EMP1579,Matthew Thomas,HR,Manager,L3,2020-09-04,5.91,1523024,Average,EMP1705,0,
EMP1580,Cole Nguyen,Consulting,Senior Analyst,L2,2023-07-04,3.08,1014580,Average,EMP1543,0,
EMP1581,Lauren Robinson,Engineering,Manager,L3,2020-09-24,5.85,1029012,Low,EMP1105,0,
EMP1582,Shelly Snyder DDS,Operations,Consultant,L4,2019-05-06,7.24,1209085,Average,EMP1911,0,
EMP1583,Scott Taylor,Finance,Analyst,L4,2024-08-13,1.96,971636,Average,EMP1715,0,
EMP1584,Andrea Manning,HR,Consultant,L4,2025-09-17,0.87,822287,High,EMP1000,0,
EMP1585,Jeffrey Anderson,Engineering,Analyst,L5,2026-06-25,0.1,841095,Average,EMP1756,0,
EMP1586,Paul Harrell,Finance,Consultant,L2,2021-11-15,4.71,878519,Average,EMP1583,0,
EMP1587,Matthew Jackson,Engineering,Consultant,L2,2022-11-22,3.69,888833,High,EMP1431,1,2025-05-30
EMP1588,Mitchell Boyd,Sales,Senior Analyst,L5,2019-07-15,7.05,1118288,Low,EMP1305,0,
EMP1589,Robin Curry,Engineering,Senior Manager,L1,2019-02-23,7.44,915583,High,EMP1908,0,
EMP1590,Ryan Tate,Operations,Manager,L4,2026-05-04,0.24,1119792,Average,EMP1526,0,
EMP1591,Keith Snow,Engineering,Manager,L4,2025-11-04,0.74,875785,High,EMP1052,0,
EMP1592,Linda Howell,Engineering,Manager,L1,2020-10-06,5.82,923590,Average,EMP1939,0,
EMP1593,Ryan George DDS,Operations,Analyst,L3,2023-09-14,2.88,300539,Low,EMP1519,0,
EMP1594,Donald Wright,HR,Manager,L3,2021-04-17,5.29,1174898,Average,EMP1329,0,
EMP1595,Angela Johnson,Engineering,Manager,L2,2021-05-20,5.2,1003946,High,EMP1557,0,
EMP1596,Christine Taylor,Operations,Senior Analyst,L5,2024-04-18,2.28,1199403,Average,EMP1324,0,
EMP1597,Andrew Gibbs,Finance,Consultant,L2,2022-06-12,4.14,300000,Low,EMP1113,0,
EMP1598,Thomas Schwartz,Sales,Manager,L3,2019-01-15,7.55,1526512,High,EMP1146,0,
EMP1599,Danielle Mathews,Sales,Senior Manager,L1,2022-05-03,4.25,858123,High,EMP1165,0,
EMP1600,Manuel Oconnell,Engineering,Manager,L2,2021-05-25,5.19,1232454,Average,EMP1378,0,
EMP1601,Kayla Johnson,HR,Analyst,L4,2024-08-10,1.97,588028,High,EMP1138,0,
EMP1602,Erik Barnes,HR,Analyst,L4,2022-10-01,3.83,1083832,High,EMP1628,0,
EMP1603,Vanessa Mays,Finance,Analyst,L1,2025-04-24,1.27,583975,Average,EMP1298,0,
EMP1604,Keith Gonzalez,Engineering,Manager,L3,2025-03-02,1.41,712869,Low,EMP1275,0,
EMP1605,Kathleen Drake,Sales,Senior Analyst,L4,2024-08-30,1.92,1474209,Average,EMP1915,0,
EMP1606,Andrew Smith,HR,Senior Manager,L4,2021-01-17,5.54,842795,Low,EMP1788,0,
EMP1607,Cynthia Grant,Engineering,Manager,L5,2020-08-15,5.96,965229,Average,EMP1849,0,
EMP1608,Deanna Lopez,HR,Senior Analyst,L2,2018-11-22,7.69,1161020,Average,EMP1824,0,
EMP1609,Jasmine Lopez,Operations,Senior Analyst,L3,2018-10-20,7.78,1048704,Low,EMP1177,1,2024-05-14
EMP1610,Whitney Taylor,HR,Manager,L2,2023-04-28,3.26,945125,Average,EMP1841,1,2023-12-13
EMP1611,Alexis Newman,Sales,Manager,L3,2023-03-31,3.34,1009488,Low,EMP1353,0,
EMP1612,Frederick Baker,Consulting,Senior Analyst,L4,2019-08-22,6.95,1621024,High,EMP1153,0,
EMP1613,Mark Cruz,Finance,Senior Analyst,L5,2023-09-26,2.85,882714,High,EMP1925,0,
EMP1614,Brandon Green,Finance,Senior Analyst,L2,2019-06-16,7.13,960329,Low,EMP1200,0,
EMP1615,Allison Hall,Sales,Manager,L4,2020-01-14,6.55,1215196,High,EMP1877,0,
EMP1616,Steven Williams,HR,Senior Analyst,L3,2021-03-17,5.38,1231657,Average,EMP1114,0,
EMP1617,Cole Galloway,Engineering,Analyst,L2,2022-02-01,4.5,1256109,Average,EMP1670,0,
EMP1618,Jennifer Nixon,HR,Manager,L2,2023-08-20,2.95,1091619,Low,EMP1553,1,2025-11-25
EMP1619,Dr. Jennifer Jones,Sales,Analyst,L4,2020-04-15,6.3,557098,Average,EMP1758,1,2022-06-26
EMP1620,Robin Oneill,Finance,Consultant,L2,2022-11-25,3.68,1390029,High,EMP1067,0,
EMP1621,Michael Cook,HR,Manager,L5,2020-12-18,5.62,556096,Average,EMP1444,0,
EMP1622,Erika Neal,Finance,Consultant,L5,2024-02-17,2.45,990790,Low,EMP1444,1,2024-05-02
EMP1623,Sarah Velez,Engineering,Senior Analyst,L4,2024-03-27,2.35,673717,Low,EMP1325,0,
EMP1624,Jeremiah Burton,Finance,Senior Analyst,L3,2020-07-29,6.01,880758,Average,EMP1845,0,
EMP1625,Theresa Lee,Finance,Senior Manager,L4,2023-10-23,2.77,998628,Average,EMP1707,0,
EMP1626,Russell Jennings,Consulting,Senior Analyst,L5,2025-06-15,1.13,996407,Average,EMP1601,0,
EMP1627,Christopher Harper,Consulting,Consultant,L1,2019-02-10,7.47,1026576,Average,EMP1622,0,
EMP1628,Elizabeth Shaffer,Operations,Senior Analyst,L1,2019-02-20,7.45,1384113,High,EMP1879,0,
EMP1629,Edward White,Consulting,Manager,L2,2026-05-11,0.22,1036060,High,EMP1358,0,
EMP1630,Matthew Brown,Finance,Senior Analyst,L2,2023-04-24,3.27,826753,Average,EMP1144,0,
EMP1631,David Douglas,Sales,Senior Manager,L1,2025-01-29,1.5,1189226,High,EMP1274,0,
EMP1632,Barbara Harris,Finance,Senior Analyst,L5,2026-06-19,0.12,1256841,Average,EMP1508,0,
EMP1633,Mary Allen,Sales,Consultant,L2,2021-09-24,4.85,531717,Average,EMP1178,0,
EMP1634,Ernest Brown,Sales,Consultant,L4,2023-03-28,3.35,1079220,Average,EMP1752,0,
EMP1635,Veronica Thomas,Consulting,Senior Analyst,L4,2021-10-10,4.81,1110351,Average,EMP1837,0,
EMP1636,Amber Hernandez,HR,Consultant,L5,2021-12-12,4.64,810730,High,EMP1830,0,
EMP1637,Sandra Hill,Engineering,Consultant,L2,2023-12-27,2.59,1312712,Average,EMP1476,0,
EMP1638,James Marsh,Consulting,Senior Manager,L4,2023-11-01,2.75,854983,Average,EMP1842,1,2025-05-02
EMP1639,Heather Odom,Consulting,Manager,L2,2020-02-09,6.48,937672,Average,EMP1975,0,
EMP1640,Amy Mann,HR,Senior Manager,L2,2022-04-04,4.33,848078,Low,EMP1413,1,2024-11-23
EMP1641,Alexandra Jones,Engineering,Analyst,L4,2019-04-22,7.28,904673,High,EMP1152,0,
EMP1642,Angela Hernandez,Finance,Senior Manager,L1,2021-11-19,4.7,571117,Average,EMP1103,0,
EMP1643,Christine Robinson,Operations,Senior Analyst,L4,2026-01-25,0.51,467984,Average,EMP1074,0,
EMP1644,Austin Todd,Operations,Manager,L5,2023-04-25,3.27,1378351,Average,EMP1127,0,
EMP1645,Todd Nunez,Finance,Senior Analyst,L3,2021-05-07,5.24,645911,Average,EMP1710,1,2026-01-25
EMP1646,Randy Wood,Consulting,Analyst,L4,2020-04-01,6.33,602582,Low,EMP1665,0,
EMP1647,Cindy Wilson,Engineering,Manager,L2,2019-01-05,7.57,300000,Average,EMP1567,0,
EMP1648,Ryan Welch,Consulting,Consultant,L2,2025-08-16,0.96,708311,Average,EMP1789,0,
EMP1649,Kurt Martin,Sales,Senior Manager,L4,2022-04-16,4.29,503073,Average,EMP1344,0,
EMP1650,Angela Shelton,Consulting,Senior Analyst,L3,2022-03-07,4.4,1392604,High,EMP1530,0,
EMP1651,Monique Hayes,Consulting,Analyst,L4,2021-05-18,5.21,1202945,High,EMP1158,0,
EMP1652,Tiffany Anderson,Finance,Consultant,L3,2022-09-14,3.88,693554,Average,EMP1537,0,
EMP1653,Brian Woodard,Finance,Senior Manager,L3,2025-12-11,0.64,1575730,Average,EMP1425,0,
EMP1654,Anthony Butler,Finance,Consultant,L5,2023-11-12,2.72,1194529,Low,EMP1680,0,
EMP1655,Michael Jacobs,Operations,Senior Manager,L2,2024-06-09,2.14,802550,High,EMP1995,0,
EMP1656,Patrick Foster,Sales,Manager,L2,2019-02-12,7.47,300000,Average,EMP1022,0,
EMP1657,Jose Hall,Finance,Consultant,L3,2019-08-14,6.97,1587282,Average,EMP1046,0,
EMP1658,Nicole Anderson,Engineering,Consultant,L2,2026-05-07,0.23,483128,Average,EMP1524,0,
EMP1659,Spencer Garner,Operations,Consultant,L1,2021-04-01,5.33,406380,Low,EMP1728,0,
EMP1660,Courtney David,HR,Manager,L3,2024-07-11,2.05,1206771,Average,EMP1833,0,
EMP1661,Herbert Moore,Engineering,Analyst,L2,2021-11-12,4.72,1631925,Low,EMP1705,1,2025-09-15
EMP1662,John Davis,Engineering,Senior Manager,L1,2019-02-02,7.5,1315281,Average,EMP1143,0,
EMP1663,Jordan Smith,Finance,Consultant,L5,2025-04-10,1.31,1069172,Average,EMP1584,0,
EMP1664,Christopher Smith,HR,Manager,L2,2026-01-03,0.57,1078426,Low,EMP1667,0,
EMP1665,Erik Velazquez,HR,Analyst,L1,2023-02-13,3.46,1156024,Average,EMP1588,0,
EMP1666,Tanya Mann,Operations,Senior Manager,L4,2024-08-13,1.96,1127678,Low,EMP1418,1,2025-03-10
EMP1667,Nicole Le,HR,Manager,L4,2019-04-24,7.27,984357,Average,EMP1680,0,
EMP1668,Todd Myers,Sales,Senior Manager,L1,2021-12-06,4.65,931260,Average,EMP1972,1,2022-12-02
EMP1669,Devin James,Finance,Consultant,L3,2023-04-29,3.26,881222,Low,EMP1798,0,
EMP1670,Dr. Jeremiah Johnson,HR,Analyst,L3,2021-08-11,4.97,673810,High,EMP1084,0,
EMP1671,Richard Morrison,Operations,Manager,L2,2025-09-30,0.83,815797,Low,EMP1415,0,
EMP1672,Barry Gray,Sales,Analyst,L4,2019-03-31,7.34,392112,Average,EMP1693,0,
EMP1673,Alyssa Smith,Consulting,Consultant,L3,2022-04-15,4.3,870498,Average,EMP1481,0,
EMP1674,Troy Lopez,Consulting,Analyst,L3,2025-03-27,1.35,603422,Average,EMP1455,0,
EMP1675,Christine Rivers,Sales,Analyst,L4,2024-03-13,2.38,568923,Low,EMP1826,0,
EMP1676,Bill Harris,Operations,Senior Analyst,L5,2023-02-16,3.45,953968,Average,EMP1296,0,
EMP1677,Patrick Hines,Sales,Analyst,L3,2023-07-27,3.01,1317600,Average,EMP1111,0,
EMP1678,Daniel Dominguez,Finance,Senior Manager,L1,2025-06-01,1.16,1175494,High,EMP1961,0,
EMP1679,Alexis Thomas,Finance,Manager,L2,2025-01-11,1.55,428849,Average,EMP1229,0,
EMP1680,Michael Lyons,Consulting,Senior Analyst,L3,2025-12-10,0.64,603111,High,EMP1095,0,
EMP1681,Marc Dawson,HR,Manager,L3,2022-07-23,4.02,1182231,High,EMP1949,0,
EMP1682,Erica Norton DVM,Operations,Manager,L5,2020-08-28,5.93,605253,Average,EMP1679,0,
EMP1683,David Cook,Consulting,Consultant,L1,2020-06-26,6.1,832610,High,EMP1377,0,
EMP1684,Rachael Coleman,HR,Consultant,L2,2022-04-08,4.32,1065015,Average,EMP1155,1,2026-05-23
EMP1685,Tammy Mendoza,HR,Senior Analyst,L3,2025-07-02,1.08,609496,High,EMP1420,0,
EMP1686,Jesus Harrington,Finance,Consultant,L2,2022-02-15,4.46,931612,Low,EMP1104,0,
EMP1687,Jenny Ray,Engineering,Consultant,L4,2019-10-04,6.83,499792,Average,EMP1704,0,
EMP1688,Donald Logan,Engineering,Consultant,L3,2025-04-16,1.29,719589,Average,EMP1329,0,
EMP1689,William Jones,Sales,Manager,L3,2021-03-23,5.36,995934,Average,EMP1438,0,
EMP1690,Bryan Golden,Finance,Senior Analyst,L4,2021-04-20,5.28,422101,Average,EMP1131,0,
EMP1691,Brandon Jones,HR,Manager,L5,2020-02-22,6.44,1032142,Average,EMP1866,0,
EMP1692,Erica Gonzales,Operations,Senior Manager,L3,2019-07-25,7.02,894108,Low,EMP1381,1,2021-02-28
EMP1693,Michael Odonnell,Engineering,Manager,L2,2019-03-12,7.39,1065746,Average,EMP1137,0,
EMP1694,Kim Hamilton,HR,Senior Manager,L1,2018-11-17,7.71,967174,Average,EMP1942,0,
EMP1695,John Howard,Engineering,Analyst,L2,2018-11-10,7.73,1309242,Average,EMP1842,1,2020-05-18
EMP1696,Timothy Robbins,Engineering,Analyst,L5,2022-09-18,3.87,937567,High,EMP1269,0,
EMP1697,Heather Fisher,Engineering,Senior Manager,L1,2019-11-20,6.7,771178,High,EMP1549,0,
EMP1698,Hannah Dillon,Operations,Senior Manager,L2,2022-04-09,4.31,936689,High,EMP1395,0,
EMP1699,Ashley Garrison,Finance,Manager,L2,2021-06-09,5.15,1062989,Average,EMP1556,0,
EMP1700,Michael Vaughn,Operations,Senior Manager,L4,2020-11-01,5.75,914658,Average,EMP1912,1,2023-11-19
EMP1701,Sherry Rodriguez,Consulting,Senior Analyst,L5,2020-10-21,5.78,912177,Low,EMP1463,0,
EMP1702,Robert Salinas,HR,Analyst,L4,2018-12-05,7.66,689402,High,EMP1674,0,
EMP1703,Christopher Phillips,Finance,Analyst,L1,2026-05-16,0.21,701129,Average,EMP1449,0,
EMP1704,Desiree Andrade,Finance,Senior Manager,L4,2021-03-04,5.41,479218,Low,EMP1330,0,
EMP1705,Todd Valenzuela,Finance,Consultant,L5,2021-10-03,4.83,1424873,Average,EMP1252,0,
EMP1706,Leslie Dennis,Finance,Consultant,L3,2023-10-30,2.75,526841,High,EMP1680,0,
EMP1707,Christine Kelley,Operations,Senior Manager,L3,2025-12-02,0.66,692128,Average,EMP1962,0,
EMP1708,Alyssa Foster,Finance,Senior Analyst,L1,2022-01-10,4.56,684477,Average,EMP1284,0,
EMP1709,James Davidson,Sales,Consultant,L3,2020-08-14,5.96,1168477,Average,EMP1273,0,
EMP1710,Alex Smith,HR,Senior Manager,L4,2022-06-26,4.1,811515,Average,EMP1019,0,
EMP1711,Phillip Mcdonald,Finance,Senior Analyst,L1,2020-10-16,5.79,1274322,Average,EMP1238,0,
EMP1712,Jessica Townsend,HR,Senior Analyst,L5,2023-04-28,3.26,697952,Average,EMP1269,0,
EMP1713,Dennis Cole,Sales,Manager,L1,2018-09-26,7.85,983698,Low,EMP1417,1,2024-08-26
EMP1714,Donald George,Sales,Senior Analyst,L1,2021-09-25,4.85,649395,High,EMP1944,0,
EMP1715,Albert Osborne,HR,Consultant,L2,2020-07-16,6.04,1543544,Average,EMP1309,0,
EMP1716,Jerry Murphy,Engineering,Consultant,L2,2026-03-05,0.41,543720,High,EMP1030,0,
EMP1717,Martin Peterson,Consulting,Senior Manager,L1,2024-04-20,2.28,992946,High,EMP1825,0,
EMP1718,Alyssa Pitts,Engineering,Senior Manager,L3,2022-03-13,4.39,1090133,Average,EMP1103,0,
EMP1719,Melanie Ramirez,Engineering,Senior Analyst,L2,2024-01-30,2.5,1024139,Average,EMP1681,0,
EMP1720,Brian Fleming,Operations,Analyst,L5,2020-12-22,5.61,844413,Average,EMP1185,0,
EMP1721,Marcus Foster,Engineering,Manager,L4,2025-04-21,1.28,861053,High,EMP1127,0,
EMP1722,Candice Hughes,Finance,Analyst,L2,2020-09-13,5.88,913143,Average,EMP1209,0,
EMP1723,Tracy Rhodes,Operations,Senior Analyst,L1,2020-11-21,5.69,855899,Average,EMP1413,0,
EMP1724,Angela Young,Operations,Senior Analyst,L3,2021-03-05,5.41,1189163,Average,EMP1280,0,
EMP1725,Sarah Bray,Sales,Analyst,L4,2022-07-04,4.08,1563156,Average,EMP1958,0,
EMP1726,John Russell,Engineering,Manager,L2,2023-12-01,2.67,732752,Low,EMP1252,0,
EMP1727,Kevin Spence,Sales,Analyst,L3,2019-04-25,7.27,489059,Average,EMP1018,0,
EMP1728,Beth Hammond,HR,Senior Manager,L3,2023-06-06,3.15,873515,Average,EMP1711,0,
EMP1729,Leslie Espinoza,Consulting,Consultant,L3,2018-08-09,7.98,1673912,Average,EMP1731,0,
EMP1730,Latoya Koch,Operations,Senior Manager,L1,2023-05-23,3.19,658897,Average,EMP1135,0,
EMP1731,Kenneth Martin,HR,Consultant,L5,2023-01-17,3.54,1391735,Average,EMP1222,0,
EMP1732,James Medina,HR,Senior Analyst,L3,2018-12-29,7.59,1403310,Average,EMP1002,0,
EMP1733,James Gray,Finance,Manager,L4,2025-01-23,1.52,733923,Average,EMP1962,0,
EMP1734,Tracy Lee,Consulting,Analyst,L2,2025-10-30,0.75,1070694,High,EMP1235,0,
EMP1735,Elizabeth Henry,HR,Manager,L4,2021-05-26,5.18,1388518,Average,EMP1853,0,
EMP1736,Patricia Johnson,HR,Analyst,L1,2025-01-16,1.54,786261,Average,EMP1464,0,
EMP1737,Victoria Stone,Consulting,Senior Manager,L1,2025-04-03,1.33,838925,Low,EMP1227,1,2025-07-10
EMP1738,Aaron Hayes,Consulting,Senior Manager,L4,2022-05-08,4.23,725495,Low,EMP1912,0,
EMP1739,Tony Thompson,HR,Analyst,L5,2025-07-18,1.04,595572,Average,EMP1653,0,
EMP1740,Thomas Morales,Consulting,Manager,L1,2021-05-31,5.17,705216,Average,EMP1498,0,
EMP1741,Michael Jones,HR,Analyst,L1,2020-03-25,6.35,532817,High,EMP1520,0,
EMP1742,Angela Fox MD,HR,Senior Analyst,L4,2024-06-07,2.15,910225,Low,EMP1701,1,2025-09-23
EMP1743,Alexander Suarez,Finance,Senior Manager,L1,2018-07-31,8.01,669008,Average,EMP1861,0,
EMP1744,Mrs. Tammy Todd MD,Engineering,Senior Analyst,L5,2021-02-15,5.46,970135,Average,EMP1916,0,
EMP1745,Jesse White,HR,Senior Manager,L5,2023-05-14,3.22,433231,Low,EMP1971,0,
EMP1746,Dalton Jones,Sales,Senior Manager,L5,2024-01-18,2.53,999264,Low,EMP1676,0,
EMP1747,James Jackson,Operations,Consultant,L2,2022-07-06,4.07,1150058,Average,EMP1991,0,
EMP1748,Tyrone Lane,Engineering,Senior Analyst,L5,2019-03-13,7.39,301879,Average,EMP1138,0,
EMP1749,Victoria Frazier,Engineering,Senior Analyst,L5,2026-01-10,0.55,1012216,Average,EMP1275,1,2026-03-01
EMP1750,Mark Graham,Engineering,Consultant,L2,2026-05-02,0.25,1268300,Average,EMP1290,0,
EMP1751,Abigail Vasquez,Finance,Manager,L3,2023-12-11,2.64,537107,Average,EMP1052,0,
EMP1752,Patricia Lucas,HR,Senior Analyst,L1,2021-08-25,4.93,1401771,Low,EMP1686,0,
EMP1753,Kerry Schultz,Finance,Analyst,L5,2025-06-11,1.14,1025705,Average,EMP1109,0,
EMP1754,April Kent,HR,Consultant,L1,2026-06-24,0.1,688496,High,EMP1714,0,
EMP1755,Matthew Cruz,Finance,Senior Analyst,L4,2023-08-21,2.95,883269,Average,EMP1947,0,
EMP1756,Maurice Garner,Finance,Manager,L1,2026-03-07,0.4,1067498,Average,EMP1647,0,
EMP1757,Curtis Rivera PhD,Operations,Senior Analyst,L2,2024-03-01,2.42,922801,Average,EMP1003,0,
EMP1758,Anna Sandoval,Sales,Senior Manager,L1,2024-03-16,2.38,1061626,High,EMP1666,0,
EMP1759,David Terry,Finance,Analyst,L1,2026-01-08,0.56,623797,High,EMP1683,1,2026-03-10
EMP1760,Keith Mora,Operations,Consultant,L1,2019-04-09,7.32,950808,Average,EMP1935,0,
EMP1761,John Simmons,Consulting,Senior Manager,L3,2021-08-09,4.98,475885,High,EMP1869,0,
EMP1762,Christopher Jenkins,Sales,Manager,L3,2020-03-28,6.35,866632,Low,EMP1046,0,
EMP1763,Heather Escobar,Finance,Senior Manager,L4,2019-05-31,7.17,628827,Low,EMP1093,0,
EMP1764,Mark Moses,Engineering,Senior Manager,L2,2024-05-23,2.19,679341,High,EMP1939,0,
EMP1765,Mrs. Grace Miller PhD,Consulting,Manager,L1,2020-04-16,6.29,1270827,High,EMP1559,0,
EMP1766,Dr. Stephanie Hernandez,Consulting,Senior Manager,L1,2018-10-20,7.78,1227393,Low,EMP1751,1,2020-01-29
EMP1767,Margaret Guerra,Operations,Consultant,L1,2019-01-15,7.55,1082741,Average,EMP1858,0,
EMP1768,Vicki Turner,Consulting,Senior Analyst,L1,2022-08-16,3.96,572306,Low,EMP1212,1,2026-06-23
EMP1769,Carrie May,Sales,Senior Manager,L3,2022-11-14,3.71,805077,Average,EMP1435,0,
EMP1770,April Scott,Finance,Consultant,L4,2019-06-18,7.12,1263929,High,EMP1851,0,
EMP1771,Edward Garcia,Finance,Senior Analyst,L5,2020-05-10,6.23,942515,Average,EMP1507,0,
EMP1772,Jeffrey Bailey,Engineering,Senior Analyst,L2,2025-06-23,1.1,1595798,Average,EMP1835,0,
EMP1773,Jessica Gomez,Operations,Senior Manager,L1,2021-10-03,4.83,1017995,Average,EMP1650,0,
EMP1774,Cheryl Williams,Engineering,Consultant,L4,2020-02-29,6.42,957614,Low,EMP1204,0,
EMP1775,Aaron Navarro,Consulting,Senior Manager,L5,2019-12-10,6.64,807265,Average,EMP1380,0,
EMP1776,John Parker,Engineering,Manager,L4,2021-05-22,5.19,940062,Average,EMP1072,0,
EMP1777,Carl Sutton,Sales,Senior Analyst,L3,2024-07-08,2.06,854259,High,EMP1515,1,2026-04-29
EMP1778,Aaron Jacobs,Finance,Senior Manager,L5,2025-06-24,1.1,1112432,High,EMP1075,0,
EMP1779,Gregory Lopez,Consulting,Senior Analyst,L4,2019-07-04,7.08,1187010,Low,EMP1840,1,2019-11-12
EMP1780,Maria Austin,Engineering,Consultant,L3,2022-01-24,4.52,664203,High,EMP1076,0,
EMP1781,Tiffany Miller,Operations,Analyst,L4,2021-09-26,4.85,500630,High,EMP1815,0,
EMP1782,Katie Wood,Sales,Senior Manager,L4,2020-12-21,5.61,349138,High,EMP1767,0,
EMP1783,Tammy Lawson,Sales,Senior Manager,L5,2026-03-11,0.39,1052397,Average,EMP1409,0,
EMP1784,Nicholas Hicks,Engineering,Senior Analyst,L3,2020-01-23,6.52,568990,Average,EMP1613,0,
EMP1785,Elizabeth Camacho,Finance,Consultant,L1,2023-02-24,3.43,300000,Average,EMP1105,0,
EMP1786,Carolyn Dominguez,Engineering,Manager,L2,2021-03-22,5.36,1016573,Low,EMP1844,1,2023-09-23
EMP1787,Kenneth Smith,Consulting,Consultant,L5,2019-12-16,6.63,1647899,Average,EMP1550,0,
EMP1788,Timothy Thomas,Engineering,Senior Manager,L3,2020-05-29,6.18,898178,Average,EMP1475,0,
EMP1789,David Hernandez,Sales,Manager,L4,2019-10-24,6.77,1151547,Average,EMP1825,0,
EMP1790,Pamela Young,Engineering,Consultant,L3,2021-05-15,5.21,924548,Average,EMP1274,0,
EMP1791,Jeffrey Perez,Finance,Analyst,L2,2026-05-15,0.21,870333,Average,EMP1087,0,
EMP1792,Dr. Ricardo Williams,Operations,Senior Analyst,L2,2021-06-18,5.12,1175722,Low,EMP1722,0,
EMP1793,Jacqueline Kramer,HR,Consultant,L1,2019-03-18,7.38,812917,High,EMP1880,1,2022-11-13
EMP1794,Lisa Green,Engineering,Consultant,L1,2024-09-21,1.86,980217,High,EMP1076,0,
EMP1795,Amber Kirk,Finance,Analyst,L2,2023-10-13,2.8,996509,High,EMP1076,0,
EMP1796,Amanda Johnson,Finance,Senior Manager,L5,2020-05-25,6.19,699572,High,EMP1441,0,
EMP1797,Diana Arellano,Operations,Senior Analyst,L5,2026-02-19,0.44,1197612,Average,EMP1539,0,
EMP1798,Nicholas Tanner,Sales,Consultant,L4,2024-11-09,1.72,847512,High,EMP1244,0,
EMP1799,Kimberly Morales,Finance,Manager,L1,2026-04-18,0.28,673276,Low,EMP1577,0,
EMP1800,Matthew Montgomery MD,Finance,Consultant,L4,2019-11-25,6.68,1060952,Average,EMP1777,0,
EMP1801,Matthew Solomon,Finance,Senior Analyst,L1,2024-10-25,1.76,630459,Average,EMP1381,0,
EMP1802,Sara Garcia,Finance,Consultant,L2,2019-12-01,6.67,908454,Average,EMP1981,0,
EMP1803,David Harris,Consulting,Analyst,L5,2018-12-14,7.63,897264,Low,EMP1716,1,2024-07-26
EMP1804,Mr. Thomas Davis,Consulting,Consultant,L5,2020-03-21,6.36,1225768,Average,EMP1569,0,
EMP1805,Patrick Henderson,Sales,Consultant,L2,2018-08-12,7.97,1042409,High,EMP1712,0,
EMP1806,David Lee,Engineering,Manager,L4,2022-09-21,3.86,892491,Average,EMP1736,0,
EMP1807,Cameron Brown,Finance,Analyst,L4,2026-06-15,0.13,1145329,Low,EMP1141,0,
EMP1808,Yvonne Mason,Operations,Analyst,L3,2020-05-03,6.25,1317062,High,EMP1892,0,
EMP1809,Andrea Brennan,Engineering,Consultant,L1,2026-02-13,0.46,1067343,Average,EMP1367,0,
EMP1810,James Miller,Operations,Manager,L4,2022-05-29,4.18,903105,Average,EMP1083,0,
EMP1811,Wesley Lin,Engineering,Consultant,L2,2025-03-31,1.33,506449,Average,EMP1142,0,
EMP1812,Wendy Taylor,Sales,Consultant,L4,2024-02-11,2.47,580465,Average,EMP1351,0,
EMP1813,Brett Sanchez,Finance,Senior Analyst,L5,2020-12-30,5.59,808432,Average,EMP1544,0,
EMP1814,Stephanie Maxwell,Finance,Senior Analyst,L1,2023-05-21,3.2,717146,High,EMP1912,0,
EMP1815,Catherine Fisher,HR,Manager,L3,2020-08-10,5.98,843908,Average,EMP1151,0,
EMP1816,Maria Ford,Operations,Senior Manager,L1,2018-11-29,7.67,916994,Average,EMP1157,0,
EMP1817,Samuel Murphy,Engineering,Senior Analyst,L5,2021-11-22,4.69,1058907,High,EMP1445,0,
EMP1818,Brandy Myers,Engineering,Senior Manager,L5,2021-07-21,5.03,878850,Average,EMP1652,0,
EMP1819,Karen Davila,Consulting,Analyst,L5,2025-10-08,0.81,1045950,Low,EMP1957,1,2026-01-16
EMP1820,James Mullins,HR,Senior Analyst,L5,2020-11-27,5.68,919342,Low,EMP1762,0,
EMP1821,Thomas Miller,Consulting,Senior Analyst,L2,2020-12-07,5.65,307360,Low,EMP1302,1,2024-10-02
EMP1822,Frances Norton,Consulting,Manager,L3,2023-11-14,2.71,618199,Average,EMP1623,0,
EMP1823,Theresa Shields,Consulting,Senior Manager,L5,2020-03-25,6.35,856773,Average,EMP1655,0,
EMP1824,Xavier Lamb,Operations,Senior Analyst,L5,2022-03-18,4.37,537091,Low,EMP1449,0,
EMP1825,David Wallace,Operations,Senior Analyst,L4,2024-07-21,2.03,1079978,High,EMP1720,1,2026-02-21
EMP1826,Carrie Aguilar,Sales,Manager,L3,2025-07-07,1.07,1359225,Average,EMP1223,0,
EMP1827,Elizabeth Michael,Sales,Manager,L1,2026-06-27,0.09,1265628,Average,EMP1042,0,
EMP1828,Amanda Cabrera,Consulting,Senior Manager,L3,2025-09-21,0.86,835967,Average,EMP1263,0,
EMP1829,Zachary Ramos,HR,Analyst,L3,2018-09-03,7.91,1347217,Average,EMP1755,0,
EMP1830,Christopher Mclean,Engineering,Analyst,L3,2022-12-14,3.63,944600,Low,EMP1002,0,
EMP1831,Geoffrey Young,Operations,Consultant,L5,2021-02-09,5.47,798874,Average,EMP1636,0,
EMP1832,Jason Jefferson MD,HR,Senior Analyst,L5,2019-06-25,7.1,715979,High,EMP1267,0,
EMP1833,Brandon Gates,Finance,Senior Manager,L2,2020-03-11,6.39,809259,Average,EMP1595,0,
EMP1834,Diana Cook,Operations,Senior Analyst,L1,2021-09-25,4.85,783546,Average,EMP1015,0,
EMP1835,Danielle Carter,Operations,Senior Manager,L4,2020-12-09,5.64,951124,Average,EMP1333,0,
EMP1836,Joanne Weaver,Sales,Senior Manager,L3,2022-02-10,4.47,948172,Low,EMP1463,0,
EMP1837,Jennifer Robinson,Engineering,Senior Manager,L1,2023-09-24,2.85,900913,Average,EMP1058,0,
EMP1838,Deborah Burke,Engineering,Senior Analyst,L1,2023-08-14,2.96,1031081,Average,EMP1176,0,
EMP1839,Christopher Ellis,Finance,Manager,L2,2024-03-30,2.34,1257193,Average,EMP1062,0,
EMP1840,Patricia Morrow,Finance,Senior Analyst,L4,2024-04-21,2.28,1184866,Low,EMP1957,0,
EMP1841,Laura Townsend,Operations,Senior Manager,L3,2023-05-26,3.18,454530,High,EMP1560,0,
EMP1842,Corey Cook,Consulting,Consultant,L4,2019-06-12,7.14,300000,High,EMP1306,0,
EMP1843,Shari Stark,Sales,Analyst,L2,2025-05-30,1.17,1180295,High,EMP1245,0,
EMP1844,Ashley Nielsen,Sales,Senior Manager,L5,2022-03-22,4.36,489936,High,EMP1288,0,
EMP1845,Keith Lowe,Operations,Consultant,L1,2024-01-28,2.51,832570,Average,EMP1797,0,
EMP1846,Dustin Joseph,HR,Manager,L3,2026-02-09,0.47,548966,High,EMP1954,0,
EMP1847,Mary Williams,Consulting,Senior Manager,L5,2019-11-30,6.67,359405,Average,EMP1331,0,
EMP1848,April Thompson,Operations,Consultant,L2,2025-11-18,0.7,1062438,High,EMP1526,0,
EMP1849,Cynthia Walker,Consulting,Senior Manager,L4,2020-10-12,5.8,1127746,High,EMP1849,0,
EMP1850,Vicki Ferguson,Consulting,Senior Analyst,L1,2023-07-03,3.08,727046,Average,EMP1254,0,
EMP1851,Tammy Cannon,Consulting,Consultant,L3,2022-08-05,3.99,300000,High,EMP1603,1,2023-03-10
EMP1852,Christopher Espinoza,Operations,Senior Analyst,L5,2021-10-18,4.79,736126,Average,EMP1509,0,
EMP1853,Jessica Sanchez,Sales,Senior Analyst,L5,2021-07-19,5.04,1017541,Average,EMP1790,0,
EMP1854,Sabrina Day,Sales,Consultant,L1,2018-08-23,7.94,456326,Average,EMP1717,0,
EMP1855,Jennifer Dalton,Consulting,Analyst,L4,2025-05-22,1.19,955007,Average,EMP1605,0,
EMP1856,Susan Levy,HR,Consultant,L2,2024-08-28,1.92,895407,Low,EMP1736,0,
EMP1857,Jennifer Villanueva,Engineering,Analyst,L4,2018-12-17,7.62,1073787,Average,EMP1812,0,
EMP1858,Michael White,Operations,Senior Manager,L4,2025-10-05,0.82,935874,High,EMP1829,0,
EMP1859,Mr. Andrew Evans,Engineering,Senior Manager,L4,2023-06-25,3.1,608079,Average,EMP1462,0,
EMP1860,Edward Harris,HR,Consultant,L1,2020-12-31,5.58,1258971,High,EMP1198,0,
EMP1861,James Garcia,Operations,Senior Manager,L1,2024-03-02,2.41,852441,High,EMP1270,0,
EMP1862,Zachary Fisher,Consulting,Manager,L2,2019-02-24,7.44,891808,High,EMP1745,1,2020-11-13
EMP1863,Meagan Johnson,Sales,Senior Analyst,L4,2025-08-13,0.96,620019,High,EMP1557,0,
EMP1864,William Hall,Engineering,Senior Analyst,L1,2021-10-23,4.77,767015,Average,EMP1063,0,
EMP1865,Tyler Thompson,Finance,Analyst,L2,2022-12-15,3.63,634559,High,EMP1229,0,
EMP1866,Justin Drake,Finance,Senior Manager,L2,2023-03-27,3.35,848116,High,EMP1941,0,
EMP1867,Dr. Melissa Green,HR,Analyst,L4,2019-05-31,7.17,1413512,Average,EMP1951,1,2025-07-22
EMP1868,Abigail Adams,Consulting,Senior Analyst,L3,2021-01-06,5.57,488429,Average,EMP1248,0,
EMP1869,Carl Rivera,Engineering,Senior Analyst,L4,2020-11-10,5.72,415931,Average,EMP1245,0,
EMP1870,Jacob Khan,Consulting,Senior Manager,L3,2022-08-14,3.96,1341351,Average,EMP1939,0,
EMP1871,Edward Hawkins,Engineering,Manager,L2,2021-11-30,4.67,837202,Average,EMP1586,0,
EMP1872,Linda Edwards,HR,Manager,L1,2021-11-25,4.68,699278,Average,EMP1156,0,
EMP1873,Colleen Jensen,HR,Senior Manager,L5,2024-04-09,2.31,1211971,Average,EMP1734,0,
EMP1874,Stephanie Melendez,Finance,Senior Manager,L2,2026-06-22,0.11,718315,Average,EMP1701,0,
EMP1875,James Mills,Consulting,Analyst,L1,2025-05-13,1.22,1447802,High,EMP1984,1,2026-01-17
EMP1876,John Cole,Operations,Senior Manager,L2,2020-11-05,5.74,1103377,Average,EMP1563,0,
EMP1877,Judy Edwards,Finance,Manager,L4,2024-01-06,2.57,753626,Low,EMP1949,1,2026-03-09
EMP1878,Erica Knight,Consulting,Senior Manager,L3,2021-11-21,4.69,1547192,Low,EMP1087,1,2026-02-15
EMP1879,Penny Hendricks,Finance,Analyst,L2,2022-09-11,3.89,718285,Average,EMP1312,0,
EMP1880,Michael Castro,Operations,Analyst,L1,2022-01-25,4.52,1122628,High,EMP1850,0,
EMP1881,Cheryl Cantu,Sales,Analyst,L4,2026-06-13,0.13,989787,Average,EMP1065,0,
EMP1882,Ashley Love,Sales,Analyst,L5,2025-07-27,1.01,1290522,Average,EMP1661,0,
EMP1883,Debra Owens,Sales,Consultant,L4,2020-10-16,5.79,1368453,Average,EMP1019,0,
EMP1884,Christina Neal,Sales,Senior Manager,L3,2020-11-07,5.73,909601,Average,EMP1032,0,
EMP1885,Kevin Hayes Jr.,Engineering,Senior Analyst,L4,2018-10-16,7.79,673974,High,EMP1839,0,
EMP1886,Donna Smith,Sales,Senior Manager,L5,2021-09-14,4.88,1037991,Average,EMP1792,0,
EMP1887,Gregory Rivera,Operations,Consultant,L1,2022-05-18,4.21,696685,Low,EMP1557,0,
EMP1888,Jill Burch,HR,Analyst,L2,2021-12-03,4.66,1504016,Average,EMP1072,0,
EMP1889,Tonya Bradford,HR,Consultant,L3,2019-04-10,7.31,940960,Low,EMP1865,0,
EMP1890,Austin Mclean,Engineering,Manager,L5,2024-06-06,2.15,790403,Average,EMP1824,0,
EMP1891,Evan Johnson,Sales,Manager,L3,2019-09-17,6.87,955404,Average,EMP1342,0,
EMP1892,Michael Johnson,Sales,Senior Manager,L4,2026-01-03,0.57,495862,Low,EMP1132,0,
EMP1893,Andrew Lee,Sales,Senior Manager,L3,2023-07-14,3.05,608515,Average,EMP1054,0,
EMP1894,Robert Lewis,Finance,Senior Analyst,L5,2023-03-18,3.37,1260124,Average,EMP1060,0,
EMP1895,Carolyn Knapp,Consulting,Senior Analyst,L2,2023-02-08,3.48,702931,High,EMP1856,0,
EMP1896,Cheryl May,Finance,Manager,L2,2024-12-05,1.65,585926,High,EMP1519,0,
EMP1897,John Hernandez MD,Consulting,Analyst,L3,2021-12-04,4.66,1060995,Low,EMP1271,0,
EMP1898,Jesus Day,Sales,Consultant,L1,2024-12-07,1.65,1255711,High,EMP1245,0,
EMP1899,Beth Nguyen,Sales,Senior Analyst,L3,2022-07-15,4.05,1115685,Average,EMP1175,0,
EMP1900,Brittany Pittman,Finance,Senior Analyst,L4,2025-07-04,1.07,1198814,Average,EMP1627,1,2025-08-04
EMP1901,Tony Sutton,Finance,Analyst,L2,2019-05-24,7.19,672961,High,EMP1316,1,2019-11-10
EMP1902,Ryan Haney,Consulting,Analyst,L2,2019-07-19,7.04,473456,High,EMP1782,0,
EMP1903,Shelly Rivera,HR,Senior Manager,L2,2022-05-18,4.21,1350400,High,EMP1704,0,
EMP1904,Chelsea Day,Consulting,Consultant,L1,2023-07-04,3.08,803196,Average,EMP1661,0,
EMP1905,Scott Dougherty,Finance,Analyst,L1,2024-04-30,2.25,824750,Average,EMP1130,0,
EMP1906,Christine Murphy,Operations,Senior Analyst,L5,2019-01-01,7.58,1298458,High,EMP1101,1,2020-09-30
EMP1907,Brandi Davis,Finance,Senior Analyst,L3,2024-05-22,2.19,1066869,Average,EMP1309,0,
EMP1908,Angela Mullins,Operations,Manager,L3,2020-01-02,6.58,1036766,Average,EMP1781,0,
EMP1909,Amy Mccann,Engineering,Analyst,L4,2024-12-28,1.59,1549500,Average,EMP1291,0,
EMP1910,Gregory Cruz,Finance,Senior Manager,L2,2023-04-09,3.31,706944,Average,EMP1721,1,2025-08-06
EMP1911,Tyler Allen,Engineering,Consultant,L1,2023-05-24,3.19,1178352,Average,EMP1494,0,
EMP1912,Matthew Preston,HR,Senior Manager,L4,2019-10-05,6.82,917103,Average,EMP1360,0,
EMP1913,Andrea Nelson,Consulting,Senior Analyst,L4,2025-12-13,0.63,980577,High,EMP1337,0,
EMP1914,Brian Brown,Operations,Senior Manager,L1,2019-07-11,7.06,1358540,Low,EMP1578,0,
EMP1915,Jennifer Stevenson,Consulting,Senior Analyst,L3,2021-07-24,5.02,1052350,Average,EMP1009,0,
EMP1916,Michael Hale,Engineering,Senior Analyst,L2,2025-05-23,1.19,1061488,Average,EMP1048,0,
EMP1917,Kristi Guerrero,Operations,Senior Analyst,L3,2019-07-07,7.07,1221752,Low,EMP1486,1,2024-05-30
EMP1918,David Davis,Consulting,Senior Analyst,L4,2024-07-06,2.07,790514,Low,EMP1622,1,2026-07-12
EMP1919,Mr. Vincent Ellis PhD,Finance,Senior Analyst,L2,2022-10-07,3.82,648237,Average,EMP1320,0,
EMP1920,Michael Porter,Sales,Manager,L5,2019-03-28,7.35,586557,High,EMP1730,0,
EMP1921,Brett Williams,Engineering,Senior Manager,L4,2020-06-29,6.09,310093,Average,EMP1568,0,
EMP1922,Lindsay Romero,Consulting,Manager,L3,2022-01-31,4.5,1516862,High,EMP1794,0,
EMP1923,John Lewis,Engineering,Manager,L3,2026-04-09,0.31,569037,Average,EMP1970,0,
EMP1924,Isaiah Harris,Engineering,Analyst,L3,2018-11-24,7.69,833623,Average,EMP1624,0,
EMP1925,David Black,Operations,Analyst,L1,2023-09-21,2.86,816956,Average,EMP1132,0,
EMP1926,Michelle Daniels,Operations,Analyst,L4,2021-10-22,4.78,992222,Average,EMP1582,0,
EMP1927,Diana Foster,Sales,Consultant,L2,2019-03-25,7.36,1144721,High,EMP1082,0,
EMP1928,Julie Blair,Finance,Analyst,L3,2023-12-20,2.61,1158142,Average,EMP1056,0,
EMP1929,Kellie Wagner,Engineering,Senior Manager,L3,2021-06-16,5.13,725076,Average,EMP1375,0,
EMP1930,Robert Knapp,Consulting,Manager,L1,2019-08-13,6.97,849863,High,EMP1348,0,
EMP1931,Dustin Cowan,HR,Senior Manager,L2,2019-04-15,7.3,984773,High,EMP1270,0,
EMP1932,Tami Fisher,Engineering,Analyst,L4,2018-12-12,7.64,825392,High,EMP1482,0,
EMP1933,Heather Turner,Engineering,Consultant,L5,2018-09-17,7.87,1382203,Average,EMP1110,0,
EMP1934,William Moss,Sales,Consultant,L1,2019-10-29,6.76,1047292,High,EMP1868,0,
EMP1935,Rebecca Davis,Finance,Manager,L4,2024-12-16,1.62,1120463,Average,EMP1886,0,
EMP1936,Andre Ballard,HR,Senior Manager,L5,2023-05-03,3.25,1098864,Average,EMP1075,0,
EMP1937,Kayla Smith,Operations,Senior Analyst,L3,2021-12-03,4.66,1252042,Average,EMP1157,0,
EMP1938,Marie Turner,Operations,Senior Manager,L3,2019-08-17,6.96,954306,Average,EMP1531,0,
EMP1939,Robert Moody,Consulting,Analyst,L2,2019-02-24,7.44,510950,Average,EMP1932,0,
EMP1940,Kimberly Clark,HR,Senior Analyst,L5,2019-10-21,6.78,1019906,Average,EMP1642,0,
EMP1941,Victoria Lara,Operations,Consultant,L3,2021-12-08,4.65,704592,High,EMP1328,0,
EMP1942,Yvonne Gibson,Consulting,Manager,L3,2019-03-25,7.36,741414,Average,EMP1121,0,
EMP1943,Nichole Martinez,Finance,Manager,L2,2026-04-13,0.3,1075909,Low,EMP1040,0,
EMP1944,Jeremy Torres,Consulting,Consultant,L4,2023-10-25,2.77,1271484,Low,EMP1166,0,
EMP1945,Mrs. Amber Allen,Operations,Analyst,L3,2025-12-16,0.62,906381,High,EMP1921,1,2026-07-15
EMP1946,Theresa Lewis,Sales,Consultant,L1,2026-04-05,0.32,992649,Average,EMP1641,0,
EMP1947,Craig Thomas,Sales,Analyst,L1,2022-01-05,4.57,1410664,Average,EMP1022,0,
EMP1948,Travis Romero,Sales,Senior Analyst,L4,2021-09-25,4.85,972225,High,EMP1278,0,
EMP1949,Brian Giles,Operations,Consultant,L5,2025-08-14,0.96,1680504,High,EMP1762,0,
EMP1950,Joshua Cohen,Sales,Analyst,L2,2023-10-28,2.76,1069652,Average,EMP1468,0,
EMP1951,Ricky Mendoza,HR,Senior Analyst,L1,2023-10-08,2.81,371771,Average,EMP1399,0,
EMP1952,Joe Vega,Finance,Consultant,L1,2018-12-25,7.6,1126002,High,EMP1008,0,
EMP1953,David Watson,Consulting,Manager,L4,2021-11-26,4.68,1014347,Average,EMP1012,0,
EMP1954,Jeffrey Schneider,Consulting,Consultant,L5,2022-03-25,4.35,1286925,Average,EMP1923,0,
EMP1955,Megan Bennett,Operations,Senior Manager,L5,2025-03-05,1.41,1101954,High,EMP1922,0,
EMP1956,Melinda Snyder,Sales,Consultant,L4,2022-01-04,4.57,858463,Average,EMP1818,0,
EMP1957,Michael Fisher,Sales,Senior Manager,L1,2021-02-23,5.44,532710,Average,EMP1831,0,
EMP1958,Mark Johnston,Engineering,Senior Analyst,L2,2022-04-04,4.33,837293,Average,EMP1051,0,
EMP1959,Shelly Davis,Finance,Consultant,L1,2019-12-14,6.63,644843,Low,EMP1208,1,2026-06-13
EMP1960,Krista Jones,HR,Senior Analyst,L5,2018-10-23,7.78,725842,Low,EMP1549,0,
EMP1961,Riley Daniel,Consulting,Senior Analyst,L1,2024-05-15,2.21,1076573,High,EMP1611,0,
EMP1962,Diana Cain,Engineering,Analyst,L2,2022-03-24,4.36,1400971,Low,EMP1704,0,
EMP1963,Toni Herrera,Engineering,Senior Analyst,L3,2019-06-15,7.13,1018401,Average,EMP1401,0,
EMP1964,Alan Coleman,Operations,Senior Analyst,L1,2020-12-13,5.63,541235,Average,EMP1190,1,2021-06-30
EMP1965,Michael Phillips,Consulting,Consultant,L4,2020-04-15,6.3,1033380,Low,EMP1050,0,
EMP1966,Whitney Hopkins,Operations,Consultant,L3,2024-02-18,2.45,1258989,High,EMP1392,1,2024-12-09
EMP1967,Gail Roberts,HR,Manager,L4,2020-12-30,5.59,717065,Average,EMP1652,0,
EMP1968,John Fields,Engineering,Analyst,L4,2024-07-04,2.07,859794,Average,EMP1679,0,
EMP1969,Evan Jones,Engineering,Senior Analyst,L4,2020-09-29,5.84,904406,Average,EMP1822,0,
EMP1970,Bryan Oneal,Finance,Analyst,L1,2024-06-07,2.15,664530,Average,EMP1620,0,
EMP1971,Michelle Ellison,HR,Senior Manager,L5,2025-01-19,1.53,1094484,Low,EMP1718,0,
EMP1972,Tiffany Sosa,Engineering,Senior Analyst,L3,2021-07-16,5.04,863715,Average,EMP1938,0,
EMP1973,Barbara Richardson,HR,Analyst,L2,2020-06-02,6.16,1025859,High,EMP1299,0,
EMP1974,Michael Walker,Consulting,Manager,L5,2024-09-17,1.87,633752,Average,EMP1621,0,
EMP1975,Daniel Jones MD,Sales,Manager,L1,2022-06-11,4.14,768762,Average,EMP1195,0,
EMP1976,Brandon Henderson,Engineering,Senior Analyst,L4,2022-11-16,3.71,1116714,Average,EMP1416,0,
EMP1977,Jonathan Malone,Finance,Senior Manager,L2,2026-05-03,0.24,788150,High,EMP1663,0,
EMP1978,John Davis,Consulting,Manager,L3,2018-11-27,7.68,1418089,Average,EMP1419,0,
EMP1979,Kelly Ray,HR,Manager,L5,2023-03-25,3.35,780109,Average,EMP1754,0,
EMP1980,William Stevens,Operations,Senior Manager,L5,2025-10-21,0.78,967405,Average,EMP1639,1,2026-03-31
EMP1981,Charlene Strong,Consulting,Analyst,L2,2020-04-11,6.31,1179777,Average,EMP1616,0,
EMP1982,Crystal Hall,Engineering,Manager,L1,2018-12-20,7.62,474490,High,EMP1521,0,
EMP1983,Dr. Rebecca Bowman,HR,Consultant,L3,2022-01-23,4.52,371757,Average,EMP1355,0,
EMP1984,Anna Castillo,Sales,Manager,L2,2024-12-07,1.65,442303,Average,EMP1147,0,
EMP1985,William Jackson,Consulting,Analyst,L4,2025-04-06,1.32,1278775,High,EMP1364,0,
EMP1986,Denise Mann,Engineering,Analyst,L3,2018-09-28,7.84,734442,High,EMP1363,0,
EMP1987,Douglas Friedman,Finance,Senior Analyst,L5,2023-01-19,3.53,1667459,High,EMP1970,0,
EMP1988,Jordan Banks,Operations,Consultant,L2,2020-07-09,6.06,730725,High,EMP1651,0,
EMP1989,Randy Payne,HR,Analyst,L5,2020-07-18,6.04,955365,Average,EMP1701,0,
EMP1990,Cheryl Cuevas MD,Consulting,Senior Manager,L5,2021-10-08,4.81,1362632,Average,EMP1401,0,
EMP1991,Laura Wallace MD,Consulting,Consultant,L5,2021-11-19,4.7,1501827,Average,EMP1605,0,
EMP1992,Barbara Johnson,Sales,Consultant,L1,2020-03-24,6.36,1518451,Low,EMP1491,1,2023-01-14
EMP1993,Christopher Frederick,Sales,Senior Manager,L5,2025-07-23,1.02,1262509,Average,EMP1228,0,
EMP1994,Nicholas Durham,Finance,Manager,L4,2018-11-25,7.68,1207218,Average,EMP1574,0,
EMP1995,Bradley Torres,Operations,Senior Manager,L4,2022-07-08,4.07,1077758,Average,EMP1851,0,
EMP1996,Dr. Sandra Holmes,Finance,Senior Manager,L3,2021-08-31,4.92,1133508,High,EMP1536,0,
EMP1997,Jose Black,Engineering,Manager,L5,2021-09-21,4.86,734644,Average,EMP1267,0,
EMP1998,Austin Williams,Engineering,Manager,L5,2024-02-28,2.42,654540,High,EMP1404,0,
EMP1999,Tiffany Rodriguez,Finance,Manager,L2,2022-05-27,4.18,898987,Low,EMP1792,1,2024-02-09
